timestamp,temperature_c,humidity_pct,dew_point_c,feels_like_c,wind_speed_ms,wind_gust_ms,wind_direction_deg,absolute_pressure_hpa,rain_rate_mmhr,yearly_rain_mm,solar_wm2,uv_index,indoor_temp_c,indoor_humidity_pct
2026-09-01T00:00:00.000Z,10.7,89,9,10.7,0,0,121,29.68,0,840.4,0,0,13.9,60
2026-09-01T00:15:00.000Z,10.6,92,9.4,10.6,0,0,121,29.68,0,840.4,0,0,13.2,62
2026-09-01T00:30:00.000Z,10.4,93,9.3,10.4,0,0,121,29.68,0,840.4,0,0,12.7,63
2026-09-01T00:45:00.000Z,10.2,93,9.2,10.2,0,0,94,29.68,0,840.4,0,0,12.2,64
2026-09-01T01:00:00.000Z,9.9,94,8.9,9.9,0,0,93,29.68,0,840.4,0,0,12,66
2026-09-01T01:15:00.000Z,10,95,9.2,10,0,0,92,29.68,0,840.4,0,0,11.8,66
2026-09-01T01:30:00.000Z,10,95,9.2,10,0,0,92,29.68,0,840.4,0,0,11.8,68
2026-09-01T01:45:00.000Z,9.6,95,8.8,9.6,0,0,92,29.68,0,840.4,0,0,11.8,68
2026-09-01T02:00:00.000Z,9.7,96,9.1,9.7,0.4,1.8,93,29.69,0,840.4,0,0,11.7,68
2026-09-01T02:15:00.000Z,9.3,96,8.7,9.3,0,0,92,29.68,0,840.4,0,0,11.7,69
2026-09-01T02:30:00.000Z,9.3,96,8.7,9.3,0,0,93,29.67,0,840.4,0,0,11.7,69
2026-09-01T02:45:00.000Z,9.5,96,8.9,9.5,0,0,93,29.67,0,840.4,0,0,11.8,70
2026-09-01T03:00:00.000Z,9.3,96,8.7,9.3,0,0,92,29.67,0,840.4,0,0,11.8,70
2026-09-01T03:15:00.000Z,8.9,96,8.3,8.9,0,0,92,29.66,0,840.4,0,0,11.5,69
2026-09-01T03:30:00.000Z,8.7,96,8.1,8.7,0,0,92,29.67,0,840.4,0,0,11.3,69
2026-09-01T03:45:00.000Z,8.5,96,7.9,8.5,0,0,92,29.65,0,840.4,0,0,11.3,70
2026-09-01T04:00:00.000Z,9,97,8.6,9,0,0,92,29.65,0,840.4,0,0,11.4,70
2026-09-01T04:15:00.000Z,8.5,96,7.9,8.5,0,0,92,29.65,0,840.4,0,0,11.4,70
2026-09-01T04:30:00.000Z,8.7,97,8.3,8.7,0,0,93,29.64,0,840.4,0,0,11.4,71
2026-09-01T04:45:00.000Z,8.7,97,8.3,8.7,0,0,92,29.64,0,840.4,0,0,11.5,71
2026-09-01T05:00:00.000Z,8.6,97,8.2,8.6,0,0,92,29.65,0,840.4,0,0,11.4,70
2026-09-01T05:15:00.000Z,8.7,97,8.3,8.7,0,0,92,29.64,0,840.4,0,0,11.5,71
2026-09-01T05:30:00.000Z,8.5,97,8.1,8.5,0,0,92,29.64,0,840.4,0,0,11.5,71
2026-09-01T05:45:00.000Z,8.6,97,8.2,8.6,0,0,92,29.64,0,840.4,0,0,11.5,71
2026-09-01T06:00:00.000Z,8.9,97,8.4,8.9,0,0,92,29.63,0,840.4,0,0,11.6,71
2026-09-01T06:15:00.000Z,8.8,97,8.3,8.8,0,0,92,29.63,0,840.4,0,0,11.6,71
2026-09-01T06:30:00.000Z,8.6,97,8.2,8.6,0,0,92,29.62,0,840.4,0,0,11.6,71
2026-09-01T06:45:00.000Z,8.9,97,8.4,8.9,0,0,92,29.61,0,840.4,0,0,11.6,72
2026-09-01T07:00:00.000Z,8.3,97,7.8,8.3,0,0,92,29.62,0,840.4,0,0,11.5,71
2026-09-01T07:15:00.000Z,8.3,97,7.8,8.3,0,0,88,29.61,0,840.4,0,0,11.3,70
2026-09-01T07:30:00.000Z,8.4,97,7.9,8.4,0,0,89,29.6,0,840.4,0,0,11.1,71
2026-09-01T07:45:00.000Z,8.6,97,8.2,8.6,0,0,121,29.6,0,840.4,0,0,11.3,72
2026-09-01T08:00:00.000Z,8,97,7.6,8,0,0,119,29.61,0,840.4,0,0,11.3,71
2026-09-01T08:15:00.000Z,8.4,98,8.1,8.4,0,0,120,29.61,0,840.4,0,0,11.2,71
2026-09-01T08:30:00.000Z,8.4,97,7.9,8.4,0,0,119,29.61,0,840.4,0,0,11,71
2026-09-01T08:45:00.000Z,7.8,98,7.5,7.8,0,0,45,29.6,0,840.4,0,0,10.5,70
2026-09-01T09:00:00.000Z,7.1,97,6.7,7.1,0,0,57,29.61,0,840.4,0,0,9.9,70
2026-09-01T09:15:00.000Z,6.7,98,6.4,6.7,0,0,58,29.6,0,840.4,0,0,9.4,70
2026-09-01T09:30:00.000Z,6.1,98,5.8,6.1,0,0,57,29.6,0,840.4,0,0,9,70
2026-09-01T09:45:00.000Z,5.9,98,5.6,5.9,0.4,1.8,58,29.61,0,840.4,0,0,8.4,70
2026-09-01T10:00:00.000Z,6.2,98,5.9,6.2,0,0,58,29.61,0,840.4,0,0,8.3,71
2026-09-01T10:15:00.000Z,6,98,5.7,6,0,0,58,29.62,0,840.4,0,0,8.4,72
2026-09-01T10:30:00.000Z,6.4,98,6.1,6.4,0,0,58,29.61,0,840.4,0,0,8.4,72
2026-09-01T10:45:00.000Z,5.8,98,5.5,5.8,0,0,58,29.62,0,840.4,0,0,8.4,72
2026-09-01T11:00:00.000Z,6.2,98,5.9,6.2,0,0,58,29.62,0,840.4,0.8,0,8.3,72
2026-09-01T11:15:00.000Z,6.2,98,5.9,6.2,0,0,58,29.61,0,840.4,4.9,0,8.4,72
2026-09-01T11:30:00.000Z,6.1,98,5.8,6.1,0,0,58,29.62,0,840.4,13.8,0,8.6,73
2026-09-01T11:45:00.000Z,6.4,98,6.1,6.4,0,0,58,29.62,0,840.4,25.1,0,9,74
2026-09-01T12:00:00.000Z,7,98,6.7,7,0,0,58,29.62,0,840.4,42.8,0,9.7,74
2026-09-01T12:15:00.000Z,8.1,98,7.8,8.1,0,0,58,29.62,0,840.4,80.1,0,10.9,75
2026-09-01T12:30:00.000Z,8.8,98,8.5,8.8,2.9,3.6,342,29.63,0,840.4,56.1,0,12.3,74
2026-09-01T12:45:00.000Z,9.4,98,9.1,9.4,1.8,1.8,2,29.64,0,840.4,83.7,0,13.5,71
2026-09-01T13:00:00.000Z,10.7,97,10.3,10.7,0.4,1.8,10,29.64,0,840.4,107.9,1,15.3,68
2026-09-01T13:15:00.000Z,11.8,85,9.3,11.8,2.2,3.6,255,29.64,0,840.4,137.9,1,17,64
2026-09-01T13:30:00.000Z,13.2,80,9.8,13.2,0,0,49,29.64,0,840.4,133,1,18.7,61
2026-09-01T13:45:00.000Z,13.9,77,9.9,13.9,0.4,1.8,62,29.65,0,840.4,125,1,20,59
2026-09-01T14:00:00.000Z,13.9,78,10.1,13.9,1.4,1.8,15,29.64,0,840.4,279.6,2,20.9,56
2026-09-01T14:15:00.000Z,14.4,76,10.2,14.4,3.2,3.6,171,29.64,0,840.4,350.7,3,21.8,54
2026-09-01T14:30:00.000Z,15.3,74,10.7,15.3,4,5.4,169,29.64,0,840.4,398.7,3,22.4,52
2026-09-01T14:45:00.000Z,15.6,74,11,15.6,0,0,45,29.64,0,840.4,431.5,4,23,50
2026-09-01T15:00:00.000Z,15.8,70,10.3,15.8,0,0,37,29.63,0,840.4,448.2,4,23.7,49
2026-09-01T15:15:00.000Z,16.4,68,10.5,16.4,1.8,1.8,138,29.63,0,840.4,474.9,4,24.3,47
2026-09-01T15:30:00.000Z,17.2,68,11.3,17.2,1.8,1.8,139,29.63,0,840.4,496.1,4,24.9,47
2026-09-01T15:45:00.000Z,17.1,66,10.7,17.1,1.4,1.8,109,29.63,0,840.4,508.7,4,25.5,44
2026-09-01T16:00:00.000Z,17.3,60,9.4,17.3,5.8,7.2,252,29.63,0,840.4,544.2,5,25.9,42
2026-09-01T16:15:00.000Z,17.5,62,10.2,17.5,3.2,3.6,216,29.62,0,840.4,596.5,5,26.2,40
2026-09-01T16:30:00.000Z,17.8,55,8.6,17.8,3.6,3.6,190,29.61,0,840.4,500.1,4,26.7,39
2026-09-01T16:45:00.000Z,18.5,57,9.8,18.5,1.8,1.8,296,29.6,0,840.4,553.2,5,27.4,39
2026-09-01T17:00:00.000Z,19.3,52,9.2,19.3,4.7,7.2,232,29.6,0,840.4,555.3,5,28.2,36
2026-09-01T17:15:00.000Z,18.7,56,9.8,18.7,2.9,3.6,4,29.59,0,840.4,424,4,28.5,35
2026-09-01T17:30:00.000Z,19.3,49,8.3,19.3,4,5.4,338,29.57,0,840.4,449.3,4,28.7,33
2026-09-01T17:45:00.000Z,19.7,54,10.2,19.7,3.2,3.6,349,29.57,0,840.4,504.4,4,29,34
2026-09-01T18:00:00.000Z,19.2,52,9.1,19.2,3.6,3.6,289,29.57,0,840.4,498.5,4,28.7,33
2026-09-01T18:15:00.000Z,19.2,52,9.1,19.2,5.8,7.2,263,29.57,0,840.4,410.1,3,28.1,33
2026-09-01T18:30:00.000Z,19,55,9.8,19,5.4,5.4,294,29.56,0,840.4,350.3,3,27.3,34
2026-09-01T18:45:00.000Z,19.4,54,9.8,19.4,4.3,5.4,215,29.55,0,840.4,380.6,3,27.4,35
2026-09-01T19:00:00.000Z,19,56,10.1,19,0,0,50,29.55,0,840.4,471.1,4,27.7,36
2026-09-01T19:15:00.000Z,18.9,57,10.2,18.9,4,5.4,359,29.55,0,840.4,254.3,2,27.8,35
2026-09-01T19:30:00.000Z,18.5,58,10.1,18.5,2.9,3.6,273,29.54,0,840.4,210.8,2,26.7,36
2026-09-01T19:45:00.000Z,18.5,58,10.1,18.5,1.4,1.8,133,29.54,0,840.4,158.4,1,26.2,37
2026-09-01T20:00:00.000Z,18.4,58,10,18.4,0.7,1.8,12,29.53,0,840.4,130.3,1,25.7,38
2026-09-01T20:15:00.000Z,18.5,60,10.6,18.5,0.4,1.8,1,29.54,0,840.4,141,1,25.2,39
2026-09-01T20:30:00.000Z,18.4,57,9.7,18.4,0,0,70,29.54,0,840.4,124.5,1,24.9,40
2026-09-01T20:45:00.000Z,18.2,59,10.1,18.2,3.2,3.6,175,29.54,0,840.4,71.2,0,24.4,40
2026-09-01T21:00:00.000Z,18,63,10.8,18,4,5.4,131,29.54,0,840.4,90.1,0,23.8,41
2026-09-01T21:15:00.000Z,19.1,55,9.9,19.1,2.9,3.6,358,29.53,0,840.4,121.6,1,24.5,41
2026-09-01T21:30:00.000Z,19.3,58,10.8,19.3,0.4,1.8,25,29.54,0,840.4,73.9,0,25.4,40
2026-09-01T21:45:00.000Z,18.1,60,10.2,18.1,2.2,3.6,205,29.53,0,840.4,55.9,0,25,40
2026-09-01T22:00:00.000Z,17.7,61,10.1,17.7,0.4,1.8,119,29.54,0,840.4,31.4,0,24,40
2026-09-01T22:15:00.000Z,17.1,63,10,17.1,5.8,7.2,210,29.52,0,840.4,11,0,22.7,42
2026-09-01T22:30:00.000Z,16.1,61,8.6,16.1,1.8,1.8,212,29.53,0,840.4,2.3,0,20.9,42
2026-09-01T22:45:00.000Z,15.7,62,8.4,15.7,1.1,1.8,298,29.54,0,840.4,0.2,0,19.9,43
2026-09-01T23:00:00.000Z,15.4,62,8.2,15.4,3.6,3.6,269,29.54,0,840.4,0,0,19,44
2026-09-01T23:15:00.000Z,15,63,8,15,0,0,73,29.54,0,840.4,0,0,18.3,45
2026-09-01T23:30:00.000Z,14.7,61,7.3,14.7,1.8,3.6,249,29.54,0,840.4,0,0,17.7,46
2026-09-01T23:45:00.000Z,14.4,63,7.4,14.4,1.4,3.6,187,29.56,0,840.4,0,0,17.4,47
2026-09-02T00:00:00.000Z,14,64,7.3,14,0,0,232,29.56,0,840.4,0,0,16.9,48
2026-09-02T00:15:00.000Z,14,63,7.1,14,5.4,7.2,227,29.56,0,840.4,0,0,16.5,48
2026-09-02T00:30:00.000Z,13.8,65,7.3,13.8,6.5,9.4,201,29.56,0,840.4,0,0,16.4,49
2026-09-02T00:45:00.000Z,13.7,67,7.7,13.7,3.2,3.6,258,29.55,0,840.4,0,0,16.4,50
2026-09-02T01:00:00.000Z,13.3,69,7.7,13.3,0,0,305,29.56,0,840.4,0,0,16.3,51
2026-09-02T01:15:00.000Z,12.9,72,7.9,12.9,2.2,3.6,205,29.55,0,840.4,0,0,16.1,52
2026-09-02T01:30:00.000Z,13,73,8.3,13,1.4,1.8,188,29.55,0,840.4,0,0,16,53
2026-09-02T01:45:00.000Z,12.8,75,8.4,12.8,2.5,3.6,179,29.56,0,840.4,0,0,15.8,54
2026-09-02T02:00:00.000Z,12.4,78,8.7,12.4,1.1,1.8,160,29.56,0,840.4,0,0,15.7,55
2026-09-02T02:15:00.000Z,11.9,80,8.6,11.9,1.1,1.8,136,29.55,0,840.4,0,0,15.3,56
2026-09-02T02:30:00.000Z,11.6,81,8.4,11.6,0,0,131,29.55,0,840.4,0,0,14.8,57
2026-09-02T02:45:00.000Z,11.4,83,8.6,11.4,0,0,137,29.55,0,840.4,0,0,14.5,59
2026-09-02T03:00:00.000Z,11,84,8.4,11,0,0,137,29.54,0,840.4,0,0,14,59
2026-09-02T03:15:00.000Z,9.9,88,8,9.9,0,0,135,29.54,0,840.4,0,0,13.3,60
2026-09-02T03:30:00.000Z,9.8,90,8.2,9.8,0,0,135,29.54,0,840.4,0,0,12.7,61
2026-09-02T03:45:00.000Z,9.9,90,8.3,9.9,0,0,134,29.53,0,840.4,0,0,12.6,62
2026-09-02T04:00:00.000Z,10.1,90,8.6,10.1,0.7,1.8,137,29.53,0,840.4,0,0,12.7,64
2026-09-02T04:15:00.000Z,10.1,90,8.6,10.1,0.4,1.8,53,29.53,0,840.4,0,0,12.9,65
2026-09-02T04:30:00.000Z,10.7,88,8.8,10.7,1.8,1.8,2,29.51,0,840.4,0,0,12.9,65
2026-09-02T04:45:00.000Z,10.3,89,8.6,10.3,0.4,1.8,4,29.52,0,840.4,0,0,12.9,65
2026-09-02T05:00:00.000Z,9.7,89,8,9.7,0,0,7,29.51,0,840.4,0,0,12.5,65
2026-09-02T05:15:00.000Z,8.9,91,7.5,8.9,0,0,8,29.5,0,840.4,0,0,11.9,65
2026-09-02T05:30:00.000Z,9.5,93,8.4,9.5,0,0,358,29.51,0,840.4,0,0,11.7,66
2026-09-02T05:45:00.000Z,9.1,93,8.1,9.1,0,0,36,29.5,0,840.4,0,0,11.8,67
2026-09-02T06:00:00.000Z,9.4,93,8.3,9.4,0,0,16,29.5,0,840.4,0,0,12,68
2026-09-02T06:15:00.000Z,9.5,93,8.4,9.5,0,0,42,29.5,0,840.4,0,0,12.3,68
2026-09-02T06:30:00.000Z,9.4,93,8.3,9.4,0,0,41,29.49,0,840.4,0,0,12.4,68
2026-09-02T06:45:00.000Z,9.8,93,8.7,9.8,1.8,1.8,18,29.48,0,840.4,0,0,12.7,68
2026-09-02T07:00:00.000Z,10.3,91,8.9,10.3,2.9,3.6,306,29.49,0,840.4,0,0,13,68
2026-09-02T07:15:00.000Z,10.3,91,8.9,10.3,1.4,1.8,337,29.49,0,840.4,0,0,13.2,68
2026-09-02T07:30:00.000Z,10.2,92,9,10.2,0.4,1.8,35,29.47,0,840.4,0,0,13.5,68
2026-09-02T07:45:00.000Z,10.1,92,8.9,10.1,1.1,1.8,13,29.48,0,840.4,0,0,13.6,68
2026-09-02T08:00:00.000Z,10.3,93,9.2,10.3,1.4,1.8,3,29.47,0,840.4,0,0,13.7,68
2026-09-02T08:15:00.000Z,10.4,93,9.3,10.4,0,0,344,29.49,0,840.4,0,0,13.8,68
2026-09-02T08:30:00.000Z,10.5,93,9.4,10.5,0,0,321,29.5,0,840.4,0,0,13.9,68
2026-09-02T08:45:00.000Z,10.7,92,9.5,10.7,0.4,1.8,295,29.52,1.8,840.7,0,0,13.8,68
2026-09-02T09:00:00.000Z,10.5,93,9.4,10.5,1.1,1.8,57,29.52,3,841.2,0,0,13.7,68
2026-09-02T09:15:00.000Z,10.4,94,9.4,10.4,2.9,3.6,84,29.51,6,842.7,0,0,13.6,69
2026-09-02T09:30:00.000Z,10.3,95,9.5,10.3,3.6,5.4,52,29.51,4.8,843.7,0,0,13.4,70
2026-09-02T09:45:00.000Z,10.2,95,9.4,10.2,4.7,5.4,60,29.49,3,844.5,0,0,13.3,70
2026-09-02T10:00:00.000Z,10.3,95,9.5,10.3,0.7,1.8,24,29.51,4.8,845.5,0,0,13.3,71
2026-09-02T10:15:00.000Z,10.2,96,9.6,10.2,3.6,3.6,42,29.49,6,847,0,0,13.3,71
2026-09-02T10:30:00.000Z,10.2,96,9.6,10.2,4.7,5.4,40,29.49,1.2,847.5,0,0,13.3,71
2026-09-02T10:45:00.000Z,10.3,96,9.7,10.3,2.5,3.6,63,29.5,3,848,0,0,13.3,72
2026-09-02T11:00:00.000Z,10.3,96,9.7,10.3,3.2,3.6,47,29.5,1.2,848.5,0.2,0,13.4,72
2026-09-02T11:15:00.000Z,10.3,96,9.7,10.3,0,0,32,29.51,1.8,848.8,0.8,0,13.5,72
2026-09-02T11:30:00.000Z,10.4,96,9.8,10.4,1.1,1.8,36,29.5,4.2,849.5,6.7,0,13.6,72
2026-09-02T11:45:00.000Z,10.4,96,9.8,10.4,2.9,3.6,37,29.5,0,849.5,15.8,0,13.7,72
2026-09-02T12:00:00.000Z,10.4,96,9.8,10.4,1.1,1.8,27,29.5,0,849.8,16.3,0,13.8,72
2026-09-02T12:15:00.000Z,10.5,96,9.9,10.5,3.6,3.6,9,29.51,3,850.3,19.5,0,13.9,72
2026-09-02T12:30:00.000Z,10.4,96,9.8,10.4,5.4,5.4,350,29.52,1.2,850.8,19.8,0,13.9,72
2026-09-02T12:45:00.000Z,10.4,96,9.8,10.4,3.6,3.6,356,29.52,1.2,851.3,28.4,0,13.9,72
2026-09-02T13:00:00.000Z,10.6,96,10,10.6,2.9,3.6,10,29.53,1.2,851.8,82.4,0,13.9,73
2026-09-02T13:15:00.000Z,10.4,96,9.8,10.4,6.1,7.2,22,29.53,3,852.6,45.9,0,13.9,72
2026-09-02T13:30:00.000Z,10.2,96,9.6,10.2,5.4,7.2,10,29.54,0,852.8,49.9,0,13.9,72
2026-09-02T13:45:00.000Z,10.1,95,9.3,10.1,4.7,7.2,6,29.54,3.6,853.4,54.1,0,13.9,72
2026-09-02T14:00:00.000Z,10.2,96,9.6,10.2,6.1,7.2,334,29.54,1.8,853.9,36.4,0,14,72
2026-09-02T14:15:00.000Z,10.5,96,9.9,10.5,7.9,11.2,9,29.53,1.8,854.4,65.2,0,14.1,72
2026-09-02T14:30:00.000Z,10.6,96,10,10.6,6.8,9.4,5,29.54,0,854.6,50,0,14.2,72
2026-09-02T14:45:00.000Z,10.7,96,10.1,10.7,6.1,7.2,13,29.55,0,854.9,35.3,0,14.2,73
2026-09-02T15:00:00.000Z,11,96,10.4,11,3.2,3.6,342,29.55,0,854.9,54,0,14.4,73
2026-09-02T15:15:00.000Z,11.1,96,10.5,11.1,10.1,13,2,29.54,0,855.1,187.4,1,14.5,73
2026-09-02T15:30:00.000Z,11.2,96,10.6,11.2,7.9,9.4,1,29.55,0,855.1,121.4,1,14.7,73
2026-09-02T15:45:00.000Z,11.2,96,10.6,11.2,7.2,11.2,6,29.55,0,855.1,78.4,0,14.7,73
2026-09-02T16:00:00.000Z,11.3,96,10.7,11.3,6.5,7.2,344,29.55,0,855.1,100.4,0,14.8,73
2026-09-02T16:15:00.000Z,11.7,96,11.1,11.7,6.5,7.2,0,29.54,0,855.1,213.6,2,15.6,72
2026-09-02T16:30:00.000Z,12,95,11.2,12,7.6,9.4,3,29.55,0,855.1,155.2,1,16.4,71
2026-09-02T16:45:00.000Z,12.6,94,11.7,12.6,8.3,11.2,326,29.55,0,855.1,262.6,2,17.3,69
2026-09-02T17:00:00.000Z,13,91,11.6,13,6.5,7.2,7,29.55,0,855.1,246.1,2,18.5,67
2026-09-02T17:15:00.000Z,13.1,90,11.5,13.1,5.4,5.4,331,29.56,0,855.1,107.9,1,18.8,65
2026-09-02T17:30:00.000Z,13,90,11.4,13,2.2,3.6,2,29.55,0,855.1,141.6,1,18.6,64
2026-09-02T17:45:00.000Z,13.2,88,11.3,13.2,4.7,5.4,9,29.54,0,855.1,199,1,18.7,64
2026-09-02T18:00:00.000Z,13.2,88,11.3,13.2,4.7,5.4,332,29.54,0,855.1,117.9,1,18.9,63
2026-09-02T18:15:00.000Z,13.2,88,11.3,13.2,5.4,7.2,19,29.55,0,855.1,48,0,18.5,63
2026-09-02T18:30:00.000Z,13,90,11.4,13,8.3,11.2,7,29.53,0,855.1,79.2,0,18,64
2026-09-02T18:45:00.000Z,13.1,89,11.3,13.1,3.2,5.4,297,29.54,0,855.1,154.9,1,17.8,64
2026-09-02T19:00:00.000Z,13.9,79,10.3,13.9,4.3,7.2,307,29.55,0,855.1,193.4,1,18.4,62
2026-09-02T19:15:00.000Z,13.9,73,9.1,13.9,2.2,3.6,254,29.54,0,855.1,162.8,1,18.7,56
2026-09-02T19:30:00.000Z,14.8,71,9.6,14.8,2.2,3.6,330,29.55,0,855.1,114.7,1,19.7,54
2026-09-02T19:45:00.000Z,14.3,75,9.9,14.3,1.8,1.8,2,29.55,0,855.1,193.3,1,20.3,53
2026-09-02T20:00:00.000Z,14.2,73,9.4,14.2,2.2,3.6,322,29.56,0,855.1,110.9,1,20.2,52
2026-09-02T20:15:00.000Z,14,75,9.7,14,0,0,23,29.56,0,855.1,73.7,0,19.9,52
2026-09-02T20:30:00.000Z,14.4,74,9.8,14.4,4.3,5.4,282,29.56,0,855.1,242.7,2,19.6,52
2026-09-02T20:45:00.000Z,15.1,67,9.1,15.1,7.2,7.2,290,29.56,0,855.1,147.2,1,21,48
2026-09-02T21:00:00.000Z,15,67,8.9,15,5,7.2,291,29.57,0,855.1,137,1,21.6,46
2026-09-02T21:15:00.000Z,14.1,67,8.1,14.1,4,5.4,281,29.58,0,855.1,47.7,0,21.3,45
2026-09-02T21:30:00.000Z,14.9,66,8.6,14.9,6.1,7.2,309,29.58,0,855.1,74.5,0,21.3,45
2026-09-02T21:45:00.000Z,14.2,68,8.4,14.2,2.5,3.6,315,29.58,0,855.1,40.5,0,21.2,44
2026-09-02T22:00:00.000Z,13.5,69,7.9,13.5,3.6,5.4,307,29.58,0,855.1,23.7,0,20.2,45
2026-09-02T22:15:00.000Z,12.7,71,7.6,12.7,2.9,3.6,260,29.59,0,855.1,12.6,0,18.1,47
2026-09-02T22:30:00.000Z,11.9,76,7.8,11.9,1.4,1.8,345,29.59,0,855.1,3.3,0,16.6,49
2026-09-02T22:45:00.000Z,10.6,80,7.3,10.6,1.4,1.8,342,29.59,0,855.1,0.2,0,15,52
2026-09-02T23:00:00.000Z,10.4,80,7.1,10.4,1.8,1.8,309,29.6,0,855.1,0,0,13.8,55
2026-09-02T23:15:00.000Z,10.2,81,7.1,10.2,2.9,3.6,326,29.61,0,855.1,0,0,13.1,57
2026-09-02T23:30:00.000Z,10.1,81,7,10.1,0,0,1,29.62,0,855.1,0,0,12.4,59
2026-09-02T23:45:00.000Z,10,81,6.9,10,3.6,3.6,289,29.62,0,855.1,0,0,11.9,60
2026-09-03T00:00:00.000Z,9.9,81,6.8,9.9,1.4,1.8,299,29.62,0,855.1,0,0,11.6,61
2026-09-03T00:15:00.000Z,9.2,83,6.5,9.2,0.4,1.8,346,29.62,0,855.1,0,0,11.3,62
2026-09-03T00:30:00.000Z,9.2,83,6.5,9.2,2.2,3.6,327,29.63,0,855.1,0,0,10.9,63
2026-09-03T00:45:00.000Z,8.7,84,6.2,8.7,0,0,2,29.63,0,855.1,0,0,10.5,64
2026-09-03T01:00:00.000Z,8.2,85,5.8,8.2,0,0,58,29.64,0,855.1,0,0,10,64
2026-09-03T01:15:00.000Z,7.7,88,5.9,7.7,0,0,54,29.64,0,855.1,0,0,9.5,64
2026-09-03T01:30:00.000Z,7,89,5.3,7,0,0,56,29.65,0,855.1,0,0,9,65
2026-09-03T01:45:00.000Z,6.6,90,5.1,6.6,0,0,66,29.65,0,855.1,0,0,8.5,65
2026-09-03T02:00:00.000Z,5.8,92,4.6,5.8,1.1,1.8,77,29.65,0,855.1,0,0,8,66
2026-09-03T02:15:00.000Z,5.7,93,4.7,5.7,0,0,67,29.65,0,855.1,0,0,7.6,66
2026-09-03T02:30:00.000Z,5.3,94,4.4,5.3,0,0,51,29.65,0,855.1,0,0,7.2,67
2026-09-03T02:45:00.000Z,5.7,94,4.8,5.7,0,0,51,29.67,0,855.1,0,0,7.1,68
2026-09-03T03:00:00.000Z,5.2,94,4.3,5.2,0,0,71,29.67,0,855.1,0,0,6.9,68
2026-09-03T03:15:00.000Z,4.8,95,4.1,4.8,0,0,66,29.66,0,855.1,0,0,6.8,69
2026-09-03T03:30:00.000Z,4.8,95,4.1,4.8,0,0,66,29.66,0,855.1,0,0,6.6,69
2026-09-03T03:45:00.000Z,4.9,96,4.3,4.9,1.8,1.8,130,29.67,0,855.1,0,0,6.3,69
2026-09-03T04:00:00.000Z,4.7,96,4.2,4.7,0,0,125,29.67,0,855.1,0,0,6.3,69
2026-09-03T04:15:00.000Z,4.2,96,3.7,4.2,0,0,125,29.67,0,855.1,0,0,6.1,69
2026-09-03T04:30:00.000Z,4.2,96,3.7,4.2,0,0,63,29.67,0,855.1,0,0,6.1,70
2026-09-03T04:45:00.000Z,4,96,3.4,4,0,0,63,29.67,0,855.1,0,0,6.3,70
2026-09-03T05:00:00.000Z,4.2,96,3.7,4.2,0,0,63,29.67,0,855.1,0,0,6.3,70
2026-09-03T05:15:00.000Z,4,97,3.6,4,0,0,64,29.68,0,855.1,0,0,6.4,71
2026-09-03T05:30:00.000Z,4.1,97,3.7,4.1,0,0,64,29.68,0,855.1,0,0,6.6,71
2026-09-03T05:45:00.000Z,4.6,97,4.2,4.6,1.4,1.8,73,29.68,0,855.1,0,0,6.7,71
2026-09-03T06:00:00.000Z,4.8,97,4.3,4.8,0,0,70,29.68,0,855.1,0,0,6.9,71
2026-09-03T06:15:00.000Z,4.5,97,4.1,4.5,0,0,72,29.68,0,855.1,0,0,6.9,71
2026-09-03T06:30:00.000Z,4.8,97,4.3,4.8,0.4,1.8,67,29.68,0,855.1,0,0,6.9,71
2026-09-03T06:45:00.000Z,4.4,97,3.9,4.4,1.1,1.8,81,29.68,0,855.1,0,0,7,71
2026-09-03T07:00:00.000Z,4.6,97,4.2,4.6,0,0,52,29.67,0,855.1,0,0,7.1,72
2026-09-03T07:15:00.000Z,4.5,97,4.1,4.5,0,0,52,29.68,0,855.1,0,0,7.2,72
2026-09-03T07:30:00.000Z,4.3,97,3.8,4.3,0,0,52,29.67,0,855.1,0,0,7.1,71
2026-09-03T07:45:00.000Z,4.1,97,3.7,4.1,0,0,51,29.67,0,855.1,0,0,6.8,71
2026-09-03T08:00:00.000Z,4.5,97,4.1,4.5,0,0,51,29.68,0,855.1,0,0,6.8,71
2026-09-03T08:15:00.000Z,4.3,97,3.8,4.3,0,0,51,29.67,0,855.1,0,0,7,72
2026-09-03T08:30:00.000Z,4.1,97,3.7,4.1,0,0,51,29.67,0,855.1,0,0,7.1,71
2026-09-03T08:45:00.000Z,4.3,97,3.8,4.3,0,0,51,29.68,0,855.1,0,0,7.2,72
2026-09-03T09:00:00.000Z,4.7,98,4.4,4.7,1.8,1.8,353,29.69,0,855.1,0,0,7.4,72
2026-09-03T09:15:00.000Z,4.6,97,4.2,4.6,0,0,357,29.68,0,855.1,0,0,7.5,72
2026-09-03T09:30:00.000Z,4.3,97,3.8,4.3,0,0,359,29.68,0,855.1,0,0,7.5,72
2026-09-03T09:45:00.000Z,4.5,98,4.2,4.5,0,0,359,29.69,0,855.1,0,0,7.5,71
2026-09-03T10:00:00.000Z,4.6,98,4.3,4.6,0,0,359,29.69,0,855.1,0,0,7.7,72
2026-09-03T10:15:00.000Z,4.3,98,4,4.3,0,0,359,29.69,0,855.1,0,0,7.9,72
2026-09-03T10:30:00.000Z,4.6,98,4.3,4.6,0,0,359,29.69,0,855.1,0,0,8.1,72
2026-09-03T10:45:00.000Z,5,98,4.7,5,0,0,359,29.7,0,855.1,0.1,0,8.3,72
2026-09-03T11:00:00.000Z,4.8,98,4.5,4.8,0,0,359,29.7,0,855.1,1.4,0,8.4,72
2026-09-03T11:15:00.000Z,4.9,98,4.6,4.9,0,0,359,29.7,0,855.1,7.2,0,8.3,71
2026-09-03T11:30:00.000Z,4.9,98,4.6,4.9,0,0,359,29.7,0,855.1,16.2,0,8.2,71
2026-09-03T11:45:00.000Z,6.1,98,5.8,6.1,0,0,0,29.7,0,855.1,27.5,0,8.5,72
2026-09-03T12:00:00.000Z,6.8,98,6.5,6.8,0,0,77,29.71,0,855.1,38.6,0,9.7,73
2026-09-03T12:15:00.000Z,8,97,7.6,8,0,0,34,29.72,0,855.1,49.3,0,11.4,72
2026-09-03T12:30:00.000Z,8.3,88,6.4,8.3,1.8,1.8,13,29.71,0,855.1,64.9,0,13,68
2026-09-03T12:45:00.000Z,9.3,85,6.9,9.3,1.4,1.8,10,29.72,0,855.1,81.5,0,14.3,65
2026-09-03T13:00:00.000Z,9.4,84,6.8,9.4,1.4,1.8,220,29.72,0,855.1,103.4,1,15.5,61
2026-09-03T13:15:00.000Z,10.3,82,7.3,10.3,1.4,1.8,173,29.73,0,855.1,140.3,1,16.8,60
2026-09-03T13:30:00.000Z,10.7,82,7.8,10.7,2.2,3.6,276,29.74,0,855.1,178.4,1,17.6,57
2026-09-03T13:45:00.000Z,11.4,79,7.9,11.4,1.8,1.8,148,29.73,0,855.1,247.6,2,18.7,56
2026-09-03T14:00:00.000Z,11.5,81,8.3,11.5,3.2,3.6,179,29.74,0,855.1,348.2,3,19.5,55
2026-09-03T14:15:00.000Z,11.7,82,8.8,11.7,9.4,11.2,201,29.73,0,855.1,391.3,3,20.1,54
2026-09-03T14:30:00.000Z,12.4,80,9.1,12.4,7.9,11.2,210,29.75,0,855.1,491.2,4,20.6,53
2026-09-03T14:45:00.000Z,13.3,77,9.3,13.3,6.8,9.4,184,29.74,0,855.1,144.7,1,21,51
2026-09-03T15:00:00.000Z,13.4,76,9.2,13.4,5.4,7.2,183,29.73,0,855.1,560.8,5,21.2,50
2026-09-03T15:15:00.000Z,13.5,74,8.9,13.5,14.4,18.4,200,29.73,0,855.1,572,5,21.4,49
2026-09-03T15:30:00.000Z,13.5,74,8.9,13.5,10.4,11.2,173,29.73,0,855.1,534.7,5,21.6,47
2026-09-03T15:45:00.000Z,14,70,8.6,14,2.2,3.6,114,29.73,0,855.1,170.7,1,21.8,47
2026-09-03T16:00:00.000Z,13.5,70,8.2,13.5,3.2,3.6,184,29.74,0,855.1,301.8,2,21.3,46
2026-09-03T16:15:00.000Z,14.3,67,8.2,14.3,9.7,11.2,192,29.73,0,855.1,114.9,1,21.4,46
2026-09-03T16:30:00.000Z,14.2,67,8.2,14.2,5.8,7.2,198,29.73,0,855.1,116.7,1,21.3,46
2026-09-03T16:45:00.000Z,15.2,63,8.2,15.2,12.6,14.8,214,29.73,0,855.1,621.6,6,21.4,46
2026-09-03T17:00:00.000Z,14.9,56,6.2,14.9,13.7,16.6,204,29.72,0,855.1,594,5,21.6,44
2026-09-03T17:15:00.000Z,15.3,62,8.1,15.3,4,5.4,304,29.73,0,855.1,631.4,6,22.3,42
2026-09-03T17:30:00.000Z,15.3,59,7.3,15.3,10.4,13,161,29.72,0,855.1,583.1,5,22.7,42
2026-09-03T17:45:00.000Z,15.9,57,7.4,15.9,14.4,20.2,205,29.71,0,855.1,561.9,5,23.1,41
2026-09-03T18:00:00.000Z,15.8,58,7.6,15.8,6.5,7.2,194,29.7,0,855.1,543.7,5,23,40
2026-09-03T18:15:00.000Z,15.7,61,8.2,15.7,6.5,9.4,176,29.7,0,855.1,555.9,5,23.2,40
2026-09-03T18:30:00.000Z,16,56,7.2,16,10.4,16.6,171,29.69,0,855.1,560.8,5,23.1,40
2026-09-03T18:45:00.000Z,15.5,60,7.8,15.5,9.7,11.2,168,29.7,0,855.1,287.2,2,23.2,39
2026-09-03T19:00:00.000Z,15.9,59,7.9,15.9,9.4,9.4,195,29.69,0,855.1,453.7,4,22.3,41
2026-09-03T19:15:00.000Z,16.2,56,7.4,16.2,12.6,14.8,194,29.69,0,855.1,416.5,4,22.6,41
2026-09-03T19:30:00.000Z,15.9,59,7.9,15.9,13,18.4,164,29.68,0,855.1,381.3,3,22.4,41
2026-09-03T19:45:00.000Z,15.9,58,7.7,15.9,18.4,22,168,29.68,0,855.1,357.1,3,22.1,41
2026-09-03T20:00:00.000Z,15.1,59,7.2,15.1,17.6,22,198,29.68,0,855.1,123.5,1,21.6,42
2026-09-03T20:15:00.000Z,15.4,62,8.2,15.4,13.3,16.6,171,29.68,0,855.1,256.6,2,21,43
2026-09-03T20:30:00.000Z,15.7,60,8,15.7,17.3,22,183,29.68,0,855.1,55.1,0,20.9,43
2026-09-03T20:45:00.000Z,14.9,61,7.4,14.9,12.2,14.8,215,29.68,0,855.1,48,0,20.4,43
2026-09-03T21:00:00.000Z,15,59,7.1,15,13.7,16.6,166,29.68,0,855.1,133.7,1,20.4,43
2026-09-03T21:15:00.000Z,14.9,60,7.2,14.9,13.7,14.8,209,29.68,0,855.1,96.7,0,20.4,42
2026-09-03T21:30:00.000Z,14.6,60,6.9,14.6,14.4,16.6,181,29.68,0,855.1,65.3,0,20.4,42
2026-09-03T21:45:00.000Z,14.2,59,6.3,14.2,10.1,11.2,175,29.68,0,855.1,41,0,19.9,41
2026-09-03T22:00:00.000Z,13.8,60,6.2,13.8,11.9,16.6,193,29.68,0,855.1,21.2,0,19.3,42
2026-09-03T22:15:00.000Z,13.1,61,5.8,13.1,13.7,16.6,182,29.68,0,855.1,11.7,0,17.3,44
2026-09-03T22:30:00.000Z,12.8,63,5.9,12.8,10.1,11.2,174,29.68,0,855.1,3.8,0,16.1,46
2026-09-03T22:45:00.000Z,12.2,64,5.6,12.2,8.6,11.2,189,29.69,0,855.1,0.3,0,15.2,48
2026-09-03T23:00:00.000Z,11.7,66,5.6,11.7,3.6,3.6,178,29.68,0,855.1,0,0,14.4,49
2026-09-03T23:15:00.000Z,11.6,67,5.7,11.6,4.3,5.4,186,29.68,0,855.1,0,0,13.8,51
2026-09-03T23:30:00.000Z,11.3,68,5.6,11.3,5.8,7.2,200,29.69,0,855.1,0,0,13.3,52
2026-09-03T23:45:00.000Z,10.9,70,5.6,10.9,5,7.2,183,29.69,0,855.1,0,0,12.9,54
2026-09-04T00:00:00.000Z,10.4,72,5.6,10.4,6.1,7.2,177,29.7,0,855.1,0,0,12.5,55
2026-09-04T00:15:00.000Z,9.9,74,5.5,9.9,4,5.4,185,29.7,0,855.1,0,0,12,56
2026-09-04T00:30:00.000Z,9.6,75,5.4,9,6.1,7.2,180,29.7,0,855.1,0,0,11.7,57
2026-09-04T00:45:00.000Z,9.3,76,5.3,8.3,7.2,9.4,180,29.71,0,855.1,0,0,11.4,58
2026-09-04T01:00:00.000Z,9.3,75,5.1,7.6,11.2,16.6,183,29.71,0,855.1,0,0,11.2,59
2026-09-04T01:15:00.000Z,9.1,75,4.9,8.3,6.5,7.2,184,29.71,0,855.1,0,0,11,59
2026-09-04T01:30:00.000Z,9,74,4.6,8,7.2,9.4,185,29.71,0,855.1,0,0,10.8,59
2026-09-04T01:45:00.000Z,9,74,4.6,7.8,7.9,9.4,182,29.71,0,855.1,0,0,10.8,59
2026-09-04T02:00:00.000Z,8.9,73,4.3,7.5,9,13,188,29.72,0,855.1,0,0,10.7,59
2026-09-04T02:15:00.000Z,8.8,72,4,7.3,9.4,11.2,189,29.72,0,855.1,0,0,10.6,59
2026-09-04T02:30:00.000Z,8.5,72,3.7,6.9,9.7,11.2,173,29.72,0,855.1,0,0,10.4,59
2026-09-04T02:45:00.000Z,8.3,73,3.7,6.7,9.4,11.2,195,29.72,0,855.1,0,0,10.2,59
2026-09-04T03:00:00.000Z,8,73,3.4,6.4,9,13,176,29.73,0,855.1,0,0,10.1,59
2026-09-04T03:15:00.000Z,8,73,3.4,6.2,10.4,14.8,216,29.73,0,855.1,0,0,9.8,59
2026-09-04T03:30:00.000Z,7.6,73,3.1,5.8,9.7,13,203,29.73,0,855.1,0,0,9.7,59
2026-09-04T03:45:00.000Z,7.5,74,3.2,6.4,6.5,9.4,185,29.72,0,855.1,0,0,9.4,60
2026-09-04T04:00:00.000Z,7.2,75,3.1,7.2,4,5.4,209,29.73,0,855.1,0,0,9.2,60
2026-09-04T04:15:00.000Z,6.9,76,2.9,5.1,9.4,11.2,177,29.73,0,855.1,0,0,8.9,60
2026-09-04T04:30:00.000Z,6.4,78,2.8,3.9,11.9,14.8,206,29.73,0,855.1,0,0,8.6,61
2026-09-04T04:45:00.000Z,6.5,78,2.9,4.5,9.7,11.2,204,29.73,0,855.1,0,0,8.4,62
2026-09-04T05:00:00.000Z,6.1,79,2.7,4.1,9.4,13,202,29.72,0,855.1,0,0,8.2,62
2026-09-04T05:15:00.000Z,5.8,81,2.8,3.7,9.4,11.2,193,29.72,0,855.1,0,0,7.9,63
2026-09-04T05:30:00.000Z,5.6,82,2.8,4.4,6.1,7.2,189,29.71,0,855.1,0,0,7.7,63
2026-09-04T05:45:00.000Z,5.2,83,2.6,3.8,6.5,9.4,174,29.72,0,855.1,0,0,7.4,64
2026-09-04T06:00:00.000Z,5,84,2.5,3.8,5.8,7.2,201,29.72,0,855.1,0,0,7.2,64
2026-09-04T06:15:00.000Z,5,84,2.5,3.7,6.1,9.4,194,29.72,0,855.1,0,0,7,65
2026-09-04T06:30:00.000Z,4.8,85,2.5,3.1,7.2,9.4,188,29.72,0,855.1,0,0,6.8,65
2026-09-04T06:45:00.000Z,4.7,85,2.4,4.7,4,5.4,206,29.72,0,855.1,0,0,6.7,65
2026-09-04T07:00:00.000Z,4.5,86,2.4,4.5,3.6,3.6,235,29.71,0,855.1,0,0,6.5,65
2026-09-04T07:15:00.000Z,4.3,87,2.3,3,5.8,7.2,169,29.71,0,855.1,0,0,6.3,66
2026-09-04T07:30:00.000Z,4.4,87,2.4,3,6.1,7.2,185,29.71,0,855.1,0,0,6.2,66
2026-09-04T07:45:00.000Z,4.3,87,2.3,4.3,3.2,3.6,198,29.71,0,855.1,0,0,6.2,67
2026-09-04T08:00:00.000Z,4,88,2.2,2.2,7.2,9.4,210,29.7,0,855.1,0,0,6.1,67
2026-09-04T08:15:00.000Z,3.8,89,2.1,2.2,6.5,7.2,231,29.7,0,855.1,0,0,5.9,67
2026-09-04T08:30:00.000Z,3.7,89,2.1,2.3,5.8,7.2,201,29.7,0,855.1,0,0,5.7,67
2026-09-04T08:45:00.000Z,3.5,90,2,3.5,1.8,1.8,177,29.7,0,855.1,0,0,5.6,67
2026-09-04T09:00:00.000Z,3.4,90,1.9,3.4,2.2,3.6,170,29.7,0,855.1,0,0,5.4,68
2026-09-04T09:15:00.000Z,3.4,90,1.9,3.4,4,5.4,179,29.71,0,855.1,0,0,5.3,68
2026-09-04T09:30:00.000Z,3.3,90,1.8,3.3,1.8,1.8,195,29.71,0,855.1,0,0,5.2,68
2026-09-04T09:45:00.000Z,3.1,91,1.8,1.9,5,7.2,191,29.71,0,855.1,0,0,5.1,69
2026-09-04T10:00:00.000Z,2.9,92,1.7,2.9,2.2,3.6,200,29.71,0,855.1,0,0,5,69
2026-09-04T10:15:00.000Z,2.8,92,1.6,2.8,1.8,1.8,190,29.71,0,855.1,0,0,4.9,69
2026-09-04T10:30:00.000Z,2.8,93,1.8,2.8,2.9,3.6,201,29.71,0,855.1,0,0,4.8,69
2026-09-04T10:45:00.000Z,2.8,92,1.6,2.8,4,5.4,169,29.71,0,855.1,0.1,0,4.7,69
2026-09-04T11:00:00.000Z,2.7,93,1.7,1.5,5,5.4,234,29.71,0,855.1,1.7,0,4.7,70
2026-09-04T11:15:00.000Z,2.6,93,1.6,2.6,3.6,3.6,203,29.72,0,855.1,7.7,0,4.6,70
2026-09-04T11:30:00.000Z,3.1,91,1.8,1.7,5.8,9.4,224,29.72,0,855.1,17.6,0,4.7,71
2026-09-04T11:45:00.000Z,3.5,89,1.8,1.7,6.8,7.2,181,29.72,0,855.1,29.6,0,5.5,72
2026-09-04T12:00:00.000Z,4,87,2.1,2.2,7.2,7.2,193,29.72,0,855.1,41.1,0,6.8,71
2026-09-04T12:15:00.000Z,4.7,85,2.4,4.7,4,5.4,173,29.73,0,855.1,51.6,0,8.2,69
2026-09-04T12:30:00.000Z,5.2,85,2.9,3.6,7.2,9.4,203,29.73,0,855.1,74.8,0,9.5,67
2026-09-04T12:45:00.000Z,5.8,83,3.1,3.1,13,14.8,213,29.73,0,855.1,125,1,10.5,64
2026-09-04T13:00:00.000Z,6.8,79,3.4,4.1,13.7,16.6,184,29.73,0,855.1,200.4,1,11.3,62
2026-09-04T13:15:00.000Z,7.6,76,3.7,5.8,10.1,13,197,29.74,0,855.1,243.3,2,12,60
2026-09-04T13:30:00.000Z,8.2,75,4.1,6.1,12.6,14.8,162,29.73,0,855.1,286.2,2,12.8,58
2026-09-04T13:45:00.000Z,8.5,72,3.7,5.9,16.2,18.4,186,29.73,0,855.1,324.9,3,13.5,56
2026-09-04T14:00:00.000Z,9,69,3.6,6.1,20.2,23.8,193,29.73,0,855.1,365.2,3,13.9,55
2026-09-04T14:15:00.000Z,9.9,67,4.1,7.3,19.8,23.8,195,29.72,0,855.1,401.2,3,14.3,54
2026-09-04T14:30:00.000Z,10.2,65,3.9,10.2,16.6,22,217,29.72,0,855.1,435.6,4,14.9,53
2026-09-04T14:45:00.000Z,10.5,65,4.2,10.5,18,23.8,187,29.72,0,855.1,464.7,4,15.3,51
2026-09-04T15:00:00.000Z,10.9,63,4.1,10.9,17.6,20.2,192,29.72,0,855.1,492.2,4,15.6,50
2026-09-04T15:15:00.000Z,11.2,61,4,11.2,20.5,23.8,217,29.72,0,855.1,516.7,5,15.8,49
2026-09-04T15:30:00.000Z,11.7,58,3.7,11.7,19.4,22,185,29.72,0,855.1,537.3,5,16.1,48
2026-09-04T15:45:00.000Z,11.9,61,4.6,11.9,16.2,18.4,191,29.71,0,855.1,552.2,5,16.7,48
2026-09-04T16:00:00.000Z,11.9,59,4.1,11.9,18,23.8,198,29.71,0,855.1,567.5,5,17.2,47
2026-09-04T16:15:00.000Z,12.4,58,4.4,12.4,17.3,18.4,167,29.72,0,855.1,577.2,5,17.5,45
2026-09-04T16:30:00.000Z,13.4,58,5.3,13.4,15.5,18.4,218,29.7,0,855.1,583.7,5,18.1,45
2026-09-04T16:45:00.000Z,13.2,58,5.2,13.2,16.6,20.2,175,29.7,0,855.1,586.2,5,18.6,44
2026-09-04T17:00:00.000Z,13.3,58,5.2,13.3,10.4,14.8,193,29.7,0,855.1,581.4,5,18.8,44
2026-09-04T17:15:00.000Z,13.6,58,5.5,13.6,16.2,20.2,191,29.69,0,855.1,580.5,5,19.1,44
2026-09-04T17:30:00.000Z,13.8,58,5.7,13.8,17.6,22,199,29.69,0,855.1,569.2,5,19.5,43
2026-09-04T17:45:00.000Z,13.8,56,5.2,13.8,19.1,20.2,211,29.68,0,855.1,559.9,5,19.6,43
2026-09-04T18:00:00.000Z,14.1,59,6.2,14.1,12.6,14.8,188,29.68,0,855.1,542.3,5,19.8,43
2026-09-04T18:15:00.000Z,14.2,58,6.1,14.2,15.5,20.2,178,29.67,0,855.1,524,5,20.2,42
2026-09-04T18:30:00.000Z,14.6,56,5.9,14.6,11.9,14.8,186,29.67,0,855.1,504.2,4,20.3,41
2026-09-04T18:45:00.000Z,14.9,56,6.2,14.9,15.8,18.4,169,29.67,0,855.1,476.1,4,20.4,41
2026-09-04T19:00:00.000Z,14.8,52,5,14.8,20.9,23.8,193,29.67,0,855.1,449,4,20.5,40
2026-09-04T19:15:00.000Z,15,53,5.5,15,14.8,18.4,183,29.67,0,855.1,415.8,4,20.4,41
2026-09-04T19:30:00.000Z,15.1,53,5.6,15.1,15.5,18.4,188,29.67,0,855.1,381.1,3,20.5,40
2026-09-04T19:45:00.000Z,14.7,51,4.7,14.7,19.8,22,185,29.67,0,855.1,342.1,3,20.5,39
2026-09-04T20:00:00.000Z,14.6,48,3.7,14.6,25.2,31.3,178,29.68,0,855.1,304.8,2,20.1,39
2026-09-04T20:15:00.000Z,14.5,50,4.2,14.5,16.2,20.2,188,29.67,0,855.1,262.3,2,19.7,39
2026-09-04T20:30:00.000Z,14.5,55,5.6,14.5,7.2,7.2,212,29.67,0,855.1,218.3,2,19.4,40
2026-09-04T20:45:00.000Z,14.3,54,5.1,14.3,11.5,14.8,185,29.67,0,855.1,178.8,1,19.3,40
2026-09-04T21:00:00.000Z,14.2,54,5.1,14.2,15.5,18.4,189,29.67,0,855.1,137.9,1,19.4,40
2026-09-04T21:15:00.000Z,13.9,56,5.3,13.9,11.2,13,188,29.68,0,855.1,99.9,0,19.4,39
2026-09-04T21:30:00.000Z,13.7,54,4.6,13.7,17.6,22,209,29.67,0,855.1,66.2,0,19.4,39
2026-09-04T21:45:00.000Z,13.4,57,5.1,13.4,11.9,18.4,180,29.68,0,855.1,41.5,0,19.1,40
2026-09-04T22:00:00.000Z,12.8,57,4.5,12.8,17.6,22,162,29.66,0,855.1,20.3,0,18.2,40
2026-09-04T22:15:00.000Z,12.4,59,4.6,12.4,13.7,16.6,184,29.68,0,855.1,12.3,0,16.4,42
2026-09-04T22:30:00.000Z,11.9,63,5.1,11.9,9,13,201,29.68,0,855.1,3.7,0,15.1,45
2026-09-04T22:45:00.000Z,11.4,65,5.1,11.4,7.2,9.4,180,29.68,0,855.1,0.3,0,14.2,48
2026-09-04T23:00:00.000Z,11.2,64,4.7,11.2,11.2,13,185,29.68,0,855.1,0,0,13.6,49
2026-09-04T23:15:00.000Z,10.8,66,4.7,10.8,11.9,14.8,210,29.68,0,855.1,0,0,13.1,51
2026-09-05T02:30:00.000Z,7.7,76,3.8,5.7,11.2,14.8,208,29.69,0,855.1,0,0,9.5,60
2026-09-05T02:45:00.000Z,7.4,77,3.6,5.7,9,11.2,210,29.69,0,855.1,0,0,9.4,61
2026-09-05T03:00:00.000Z,7.4,78,3.8,5.4,10.8,13,179,29.69,0,855.1,0,0,9.3,61
2026-09-05T03:15:00.000Z,7.3,79,3.9,4.7,14,16.6,182,29.68,0,855.1,0,0,9.2,62
2026-09-05T03:30:00.000Z,7.2,79,3.8,5.6,8.6,9.4,182,29.68,0,855.1,0,0,9.1,63
2026-09-05T03:45:00.000Z,7,81,3.9,5.1,10.1,11.2,190,29.67,0,855.1,0,0,9,63
2026-09-05T04:00:00.000Z,7,81,3.9,5.3,8.6,9.4,189,29.67,0,855.1,0,0,8.9,64
2026-09-05T04:15:00.000Z,6.7,82,3.9,4.6,10.4,13,198,29.67,0,855.1,0,0,8.7,64
2026-09-05T04:30:00.000Z,6.7,83,4.1,4.8,9.7,11.2,186,29.66,0,855.1,0,0,8.6,64
2026-09-05T04:45:00.000Z,6.5,84,4,5.1,7.2,9.4,191,29.67,0,855.1,0,0,8.5,65
2026-09-05T05:00:00.000Z,6.4,85,4.1,3.9,12.2,13,198,29.66,0,855.1,0,0,8.3,65
2026-09-05T05:15:00.000Z,6.2,85,3.9,4.8,7.2,9.4,154,29.66,0,855.1,0,0,8.3,66
2026-09-05T05:30:00.000Z,6.1,86,3.9,4.1,9.7,13,186,29.66,0,855.1,0,0,8.1,66
2026-09-05T05:45:00.000Z,5.9,87,3.9,4.2,7.9,9.4,190,29.65,0,855.1,0,0,8,67
2026-09-05T06:00:00.000Z,5.9,87,3.9,4.9,5.4,5.4,197,29.64,0,855.1,0,0,7.9,67
2026-09-05T06:15:00.000Z,5.7,88,3.9,5.7,4.7,7.2,186,29.64,0,855.1,0,0,7.8,67
2026-09-05T06:30:00.000Z,5.6,88,3.8,3.5,9.4,11.2,191,29.64,0,855.1,0,0,7.7,68
2026-09-05T06:45:00.000Z,5.4,89,3.7,5.4,3.6,3.6,198,29.63,0,855.1,0,0,7.5,68
2026-09-05T07:00:00.000Z,5.1,90,3.6,3.8,6.1,7.2,205,29.62,0,855.1,0,0,7.3,68
2026-09-05T07:15:00.000Z,5.1,90,3.6,3.4,7.6,9.4,213,29.61,0,855.1,0,0,7.1,68
2026-09-05T07:30:00.000Z,5.2,90,3.7,5.2,3.6,5.4,184,29.61,0,855.1,0,0,7,68
2026-09-05T07:45:00.000Z,5,90,3.5,5,1.8,3.6,142,29.61,0,855.1,0,0,6.9,68
2026-09-05T08:00:00.000Z,4.8,91,3.4,4.8,0.4,1.8,173,29.6,0,855.1,0,0,6.8,69
2026-09-05T08:15:00.000Z,4.5,91,3.2,4.5,1.4,3.6,218,29.6,0,855.1,0,0,6.6,69
2026-09-05T08:30:00.000Z,4.2,92,3.1,4.2,1.8,3.6,272,29.59,0,855.1,0,0,6.3,69
2026-09-05T08:45:00.000Z,4,93,3,4,0.4,1.8,353,29.6,0,855.1,0,0,5.9,69
2026-09-05T09:00:00.000Z,3.6,94,2.7,3.6,0,0,353,29.59,0,855.1,0,0,5.6,69
2026-09-05T09:15:00.000Z,3.5,94,2.6,3.5,0.4,1.8,192,29.59,0,855.1,0,0,5.3,69
2026-09-05T09:30:00.000Z,3.6,95,2.9,3.6,1.8,1.8,283,29.59,0,855.1,0,0,5.4,70
2026-09-05T09:45:00.000Z,3.6,95,2.9,3.6,0,0,4,29.58,0,855.1,0,0,5.3,71
2026-09-05T10:00:00.000Z,3.3,95,2.6,3.3,0,0,354,29.59,0,855.1,0,0,5.1,70
2026-09-05T10:15:00.000Z,3.2,95,2.5,3.2,0,0,355,29.59,0,855.1,0,0,4.8,70
2026-09-05T10:30:00.000Z,3.1,96,2.6,3.1,0.4,1.8,12,29.58,0,855.1,0,0,4.7,71
2026-09-05T10:45:00.000Z,3,96,2.4,3,0,0,88,29.58,0,855.1,0.1,0,4.6,71
2026-09-05T11:00:00.000Z,3,96,2.4,3,0,0,280,29.58,0,855.1,2.1,0,4.5,71
2026-09-05T11:15:00.000Z,3.1,96,2.6,3.1,0,0,203,29.58,0,855.1,8,0,4.5,71
2026-09-05T11:30:00.000Z,3.6,96,3.1,3.6,0.4,1.8,185,29.58,0,855.1,18.1,0,4.9,73
2026-09-05T11:45:00.000Z,4.2,96,3.7,4.2,1.1,1.8,159,29.58,0,855.1,29.9,0,5.9,75
2026-09-05T12:00:00.000Z,4.8,94,3.9,4.8,2.9,3.6,200,29.57,0,855.1,41.4,0,7.3,74
2026-09-05T12:15:00.000Z,5.5,89,3.8,5.5,1.8,3.6,219,29.58,0,855.1,52.3,0,8.7,73
2026-09-05T12:30:00.000Z,5.9,87,3.9,5.9,2.9,3.6,227,29.58,0,855.1,67,0,10.2,70
2026-09-05T12:45:00.000Z,6.4,83,3.7,4.6,8.6,11.2,193,29.59,0,855.1,94,0,11.6,66
2026-09-05T13:00:00.000Z,7,82,4.2,5.1,10.1,13,198,29.59,0,855.1,131.6,1,12.7,63
2026-09-05T13:15:00.000Z,7.7,79,4.3,6.2,8.6,11.2,214,29.58,0,855.1,197.8,1,13.7,60
2026-09-05T13:30:00.000Z,8.2,77,4.4,7,7.6,9.4,200,29.58,0,855.1,289.6,2,14.5,57
2026-09-05T13:45:00.000Z,9,76,5,8.5,5.4,7.2,187,29.58,0,855.1,330.9,3,15.6,55
2026-09-05T14:00:00.000Z,9.5,73,4.9,8.8,6.5,7.2,226,29.57,0,855.1,371.5,3,16.4,52
2026-09-05T14:15:00.000Z,10.2,71,5.2,10.2,1.8,3.6,258,29.58,0,855.1,404.1,3,17.1,51
2026-09-05T14:30:00.000Z,11.4,67,5.5,11.4,5.8,7.2,179,29.57,0,855.1,437.4,4,18,50
2026-09-05T14:45:00.000Z,11.3,67,5.4,11.3,7.9,9.4,204,29.57,0,855.1,469.4,4,18.5,46
2026-09-05T15:00:00.000Z,12.6,63,5.8,12.6,8.6,9.4,202,29.57,0,855.1,496.2,4,19.1,46
2026-09-05T15:15:00.000Z,13.2,61,5.9,13.2,13,16.6,202,29.56,0,855.1,516.6,5,19.7,44
2026-09-05T15:30:00.000Z,14.1,56,5.4,14.1,8.6,11.2,228,29.57,0,855.1,539.5,5,20.4,43
2026-09-05T15:45:00.000Z,14.7,55,5.8,14.7,6.1,7.2,289,29.56,0,855.1,554.9,5,21.3,41
2026-09-05T16:00:00.000Z,15.4,52,5.6,15.4,8.3,11.2,228,29.55,0,855.1,570.9,5,22.3,39
2026-09-05T16:15:00.000Z,16.2,53,6.7,16.2,3.6,3.6,210,29.55,0,855.1,577.8,5,22.9,37
2026-09-05T16:30:00.000Z,16.6,47,5.3,16.6,6.1,7.2,228,29.54,0,855.1,584.7,5,23.9,36
2026-09-05T16:45:00.000Z,16.9,46,5.2,16.9,5.8,7.2,230,29.55,0,855.1,587,5,24.6,34
2026-09-05T17:00:00.000Z,17.7,39,3.6,17.7,10.4,13,168,29.53,0,855.1,584.9,5,25.3,33
2026-09-05T17:15:00.000Z,18,38,3.5,18,1.4,3.6,210,29.53,0,855.1,577.8,5,25.8,32
2026-09-05T17:30:00.000Z,18.4,40,4.6,18.4,4.7,7.2,186,29.52,0,855.1,571,5,26.2,31
2026-09-05T17:45:00.000Z,18.4,36,3.1,18.4,7.2,7.2,113,29.51,0,855.1,560,5,26.4,30
2026-09-05T18:00:00.000Z,18.7,38,4.1,18.7,6.5,9.4,252,29.51,0,855.1,543.6,5,26.5,29
2026-09-05T18:15:00.000Z,19.3,37,4.2,19.3,4,5.4,163,29.5,0,855.1,523.1,5,26.9,29
2026-09-05T18:30:00.000Z,18.9,32,1.8,18.9,0,0,58,29.5,0,855.1,502.7,4,26.6,28
2026-09-05T18:45:00.000Z,19.2,36,3.8,19.2,7.2,7.2,192,29.49,0,855.1,474.9,4,26.9,27
2026-09-05T19:00:00.000Z,19.2,37,4.2,19.2,3.6,3.6,181,29.49,0,855.1,446.5,4,26.8,27
2026-09-05T19:15:00.000Z,19.6,29,1.1,19.6,6.1,7.2,109,29.49,0,855.1,415.9,4,26.9,27
2026-09-05T19:30:00.000Z,19.4,32,2.3,19.4,9,11.2,87,29.48,0,855.1,381.1,3,26.1,26
2026-09-05T19:45:00.000Z,19.1,29,0.7,19.1,12.6,16.6,135,29.48,0,855.1,346.4,3,25.1,26
2026-09-05T20:00:00.000Z,18.9,28,0,18.9,12.2,18.4,139,29.48,0,855.1,305.1,2,24.4,26
2026-09-05T20:15:00.000Z,18.7,29,0.3,18.7,9.7,11.2,71,29.48,0,855.1,262.1,2,23.8,26
2026-09-05T20:30:00.000Z,18.5,30,0.6,18.5,14.8,18.4,70,29.48,0,855.1,223.8,2,23.4,26
2026-09-05T20:45:00.000Z,18.3,31,0.9,18.3,10.4,11.2,66,29.47,0,855.1,180.8,1,23.2,26
2026-09-05T21:00:00.000Z,17.9,28,-0.9,17.9,13.7,16.6,81,29.47,0,855.1,138.5,1,23.2,26
2026-09-05T21:15:00.000Z,17.7,32,0.8,17.7,5.8,7.2,97,29.47,0,855.1,102.6,1,23.2,26
2026-09-05T21:30:00.000Z,17.3,29,-0.9,17.3,11.9,16.6,118,29.47,0,855.1,69.4,0,23.1,25
2026-09-05T21:45:00.000Z,16.8,30,-0.9,16.8,6.5,9.4,86,29.47,0,855.1,43,0,22.6,25
2026-09-05T22:00:00.000Z,16.2,33,-0.1,16.2,3.6,3.6,104,29.47,0,855.1,21,0,21.9,25
2026-09-05T22:15:00.000Z,15,35,-0.3,15,4,5.4,117,29.47,0,855.1,12.3,0,19.7,27
2026-09-05T22:30:00.000Z,14.1,37,-0.3,14.1,2.9,3.6,91,29.47,0,855.1,4.2,0,17.8,28
2026-09-05T22:45:00.000Z,13.3,39,-0.4,13.3,1.8,1.8,98,29.46,0,855.1,0.5,0,16.1,30
2026-09-05T23:00:00.000Z,12.2,42,-0.3,12.2,3.6,3.6,167,29.46,0,855.1,0,0,14.7,32
2026-09-05T23:15:00.000Z,11.5,44,-0.3,11.5,1.8,1.8,113,29.47,0,855.1,0,0,13.5,34
2026-09-05T23:30:00.000Z,11.4,44,-0.4,11.4,2.2,3.6,135,29.46,0,855.1,0,0,12.5,35
2026-09-05T23:45:00.000Z,10.7,45,-0.7,10.7,4.7,5.4,172,29.47,0,855.1,0,0,11.7,37
2026-09-06T00:00:00.000Z,10.1,48,-0.4,10.1,0,0,117,29.46,0,855.1,0,0,11.1,38
2026-09-06T00:15:00.000Z,9.6,47,-1.2,9.6,3.6,3.6,178,29.46,0,855.1,0,0,10.5,39
2026-09-06T00:30:00.000Z,9,47,-1.7,9,2.9,3.6,146,29.46,0,855.1,0,0,10.1,39
2026-09-06T00:45:00.000Z,8.3,50,-1.6,8.3,0,0,114,29.46,0,855.1,0,0,9.5,40
2026-09-06T01:00:00.000Z,7.9,51,-1.6,7.9,0,0,12,29.46,0,855.1,0,0,8.8,41
2026-09-06T01:15:00.000Z,6.9,51,-2.6,6.9,0,0,124,29.46,0,855.1,0,0,8,42
2026-09-06T01:30:00.000Z,6.4,52,-2.7,6.4,0.4,1.8,357,29.46,0,855.1,0,0,7.3,43
2026-09-06T01:45:00.000Z,6.4,59,-1.1,6.4,1.8,1.8,6,29.46,0,855.1,0,0,6.7,44
2026-09-06T02:00:00.000Z,7.4,56,-0.8,7.4,2.9,3.6,241,29.46,0,855.1,0,0,6.6,46
2026-09-06T02:15:00.000Z,7.3,58,-0.4,7.3,0,0,350,29.46,0,855.1,0,0,7,47
2026-09-06T02:30:00.000Z,7.3,58,-0.4,7.3,2.9,3.6,248,29.47,0,855.1,0,0,7.2,48
2026-09-06T02:45:00.000Z,7,58,-0.7,7,1.4,1.8,219,29.46,0,855.1,0,0,7.3,48
2026-09-06T03:00:00.000Z,6.7,57,-1.2,6.7,1.1,1.8,198,29.46,0,855.1,0,0,7.4,47
2026-09-06T03:15:00.000Z,6.4,57,-1.5,6.4,2.5,3.6,210,29.46,0,855.1,0,0,7.3,47
2026-09-06T03:30:00.000Z,5.9,58,-1.7,5.9,0,0,108,29.47,0,855.1,0,0,7,47
2026-09-06T03:45:00.000Z,5.6,59,-1.8,5.6,1.8,1.8,198,29.46,0,855.1,0,0,6.7,47
2026-09-06T04:00:00.000Z,5,61,-1.9,5,1.8,1.8,164,29.46,0,855.1,0,0,6.3,48
2026-09-06T04:15:00.000Z,4.5,64,-1.7,4.5,3.6,3.6,77,29.46,0,855.1,0,0,6,48
2026-09-06T04:30:00.000Z,3.8,67,-1.8,3.8,0,0,102,29.45,0,855.1,0,0,5.3,50
2026-09-06T04:45:00.000Z,3.5,69,-1.7,3.5,0,0,102,29.45,0,855.1,0,0,4.7,50
2026-09-06T05:00:00.000Z,2.6,72,-1.9,2.6,0,0,102,29.45,0,855.1,0,0,4,52
2026-09-06T05:15:00.000Z,1.8,75,-2.2,1.8,0,0,101,29.45,0,855.1,0,0,3.5,53
2026-09-06T05:30:00.000Z,2,75,-1.9,2,0,0,102,29.44,0,855.1,0,0,3,54
2026-09-06T05:45:00.000Z,1.7,76,-2.1,1.7,0,0,102,29.44,0,855.1,0,0,2.7,55
2026-09-06T06:00:00.000Z,2.2,71,-2.5,2.2,0,0,106,29.43,0,855.1,0,0,2.6,55
2026-09-06T06:15:00.000Z,3.5,66,-2.2,3.5,1.1,1.8,174,29.43,0,855.1,0,0,2.9,56
2026-09-06T06:30:00.000Z,3.1,67,-2.4,3.1,0,0,116,29.43,0,855.1,0,0,3.2,55
2026-09-06T06:45:00.000Z,3.3,66,-2.4,3.3,0,0,70,29.41,0,855.1,0,0,3.4,55
2026-09-06T07:00:00.000Z,2.8,68,-2.6,2.8,0.4,1.8,140,29.41,0,855.1,0,0,3.5,55
2026-09-06T07:15:00.000Z,2.4,70,-2.5,2.4,0,0,68,29.4,0,855.1,0,0,3.4,55
2026-09-06T07:30:00.000Z,2.3,70,-2.6,2.3,0,0,124,29.4,0,855.1,0,0,3.2,55
2026-09-06T07:45:00.000Z,2.1,72,-2.4,2.1,1.1,1.8,105,29.4,0,855.1,0,0,3.1,55
2026-09-06T08:00:00.000Z,1.4,76,-2.4,1.4,0,0,92,29.39,0,855.1,0,0,2.7,56
2026-09-06T08:15:00.000Z,0.9,78,-2.5,0.9,0,0,109,29.39,0,855.1,0,0,2.4,57
2026-09-06T08:30:00.000Z,0.2,81,-2.7,0.2,0,0,113,29.39,0,855.1,0,0,2,57
2026-09-06T08:45:00.000Z,0.8,76,-2.9,0.8,0,0,108,29.38,0,855.1,0,0,1.7,57
2026-09-06T09:00:00.000Z,0.5,79,-2.7,0.5,0,0,63,29.38,0,855.1,0,0,1.3,58
2026-09-06T09:15:00.000Z,0.6,78,-2.8,0.6,3.6,3.6,140,29.38,0,855.1,0,0,1.2,59
2026-09-06T09:30:00.000Z,0.4,80,-2.7,0.4,1.8,1.8,146,29.38,0,855.1,0,0,1.3,59
2026-09-06T09:45:00.000Z,0.1,81,-2.8,0.1,0.4,1.8,124,29.37,0,855.1,0,0,1.2,60
2026-09-06T10:00:00.000Z,0.3,78,-3.1,0.3,0,0,107,29.37,0,855.1,0,0,1.2,60
2026-09-06T10:15:00.000Z,0.2,77,-3.3,0.2,3.6,5.4,189,29.36,0,855.1,0,0,1.1,60
2026-09-06T10:30:00.000Z,0.6,75,-3.3,0.6,0,0,74,29.36,0,855.1,0,0,1.1,60
2026-09-06T10:45:00.000Z,0.6,75,-3.3,0.6,0,0,74,29.36,0,855.1,0,0,1.1,60
2026-09-06T11:00:00.000Z,0.6,75,-3.3,0.6,0,0,74,29.36,0,855.1,0,0,1.1,60
2026-09-06T11:15:00.000Z,0.6,75,-3.3,0.6,0,0,74,29.36,0,855.1,0,0,1.1,60
2026-09-06T11:30:00.000Z,0.6,75,-3.3,0.6,0,0,74,29.36,0,855.1,0,0,1.1,60
2026-09-06T11:45:00.000Z,0.6,75,-3.3,0.6,0,0,74,29.36,0,855.1,0,0,1.1,60
2026-09-06T12:00:00.000Z,0.6,75,-3.3,0.6,0,0,74,29.36,0,855.1,0,0,1.1,60
2026-09-06T12:15:00.000Z,0.6,75,-3.3,0.6,0,0,74,29.36,0,855.1,0,0,1.1,60
2026-09-06T12:30:00.000Z,,,,,,,,,,,,,,
2026-09-06T12:45:00.000Z,,,,,,,,,,,,,,
2026-09-06T13:00:00.000Z,,,,,,,,,,,,,,
2026-09-06T13:15:00.000Z,,,,,,,,,,,,,,
2026-09-06T13:30:00.000Z,,,,,,,,,,,,,,
2026-09-06T13:45:00.000Z,,,,,,,,,,,,,,
2026-09-06T14:00:00.000Z,,,,,,,,,,,,,,
2026-09-06T14:15:00.000Z,,,,,,,,,,,,,,
2026-09-06T14:30:00.000Z,,,,,,,,,,,,,,
2026-09-06T14:45:00.000Z,,,,,,,,,,,,,,
2026-09-06T15:00:00.000Z,,,,,,,,,,,,,,
2026-09-06T15:15:00.000Z,,,,,,,,,,,,,,
2026-09-06T15:30:00.000Z,,,,,,,,,,,,,,
2026-09-06T15:45:00.000Z,,,,,,,,,,,,,,
2026-09-06T16:00:00.000Z,,,,,,,,,,,,,,
2026-09-06T16:15:00.000Z,,,,,,,,,,,,,,
2026-09-06T16:30:00.000Z,,,,,,,,,,,,,,
2026-09-06T16:45:00.000Z,,,,,,,,,,,,,,
2026-09-06T17:00:00.000Z,,,,,,,,,,,,,,
2026-09-06T17:15:00.000Z,,,,,,,,,,,,,,
2026-09-06T17:30:00.000Z,,,,,,,,,,,,,,
2026-09-06T17:45:00.000Z,,,,,,,,,,,,,,
2026-09-06T18:00:00.000Z,,,,,,,,,,,,,,
2026-09-06T18:15:00.000Z,,,,,,,,,,,,,,
2026-09-06T18:30:00.000Z,,,,,,,,,,,,,,
2026-09-06T18:45:00.000Z,,,,,,,,,,,,,,
2026-09-06T19:00:00.000Z,,,,,,,,,,,,,,
2026-09-06T19:15:00.000Z,,,,,,,,,,,,,,
2026-09-06T19:30:00.000Z,,,,,,,,,,,,,,
2026-09-06T19:45:00.000Z,,,,,,,,,,,,,,
2026-09-06T20:00:00.000Z,,,,,,,,,,,,,,
2026-09-06T20:15:00.000Z,,,,,,,,,,,,,,
2026-09-06T20:30:00.000Z,,,,,,,,,,,,,,
2026-09-06T20:45:00.000Z,,,,,,,,,,,,,,
2026-09-06T21:00:00.000Z,,,,,,,,,,,,,,
2026-09-06T21:15:00.000Z,,,,,,,,,,,,,,
2026-09-06T21:30:00.000Z,,,,,,,,,,,,,,
2026-09-06T21:45:00.000Z,,,,,,,,,,,,,,
2026-09-06T22:00:00.000Z,,,,,,,,,,,,,,
2026-09-06T22:15:00.000Z,,,,,,,,,,,,,,
2026-09-06T22:30:00.000Z,,,,,,,,,,,,,,
2026-09-06T22:45:00.000Z,,,,,,,,,,,,,,
2026-09-06T23:00:00.000Z,,,,,,,,,,,,,,
2026-09-06T23:15:00.000Z,,,,,,,,,,,,,,
2026-09-06T23:30:00.000Z,,,,,,,,,,,,,,
2026-09-06T23:45:00.000Z,,,,,,,,,,,,,,
2026-09-07T00:00:00.000Z,,,,,,,,,,,,,,
2026-09-07T00:15:00.000Z,,,,,,,,,,,,,,
2026-09-07T00:30:00.000Z,,,,,,,,,,,,,,
2026-09-07T00:45:00.000Z,,,,,,,,,,,,,,
2026-09-07T01:00:00.000Z,,,,,,,,,,,,,,
2026-09-07T01:15:00.000Z,,,,,,,,,,,,,,
2026-09-07T01:30:00.000Z,,,,,,,,,,,,,,
2026-09-07T01:45:00.000Z,,,,,,,,,,,,,,
2026-09-07T02:00:00.000Z,,,,,,,,,,,,,,
2026-09-07T02:15:00.000Z,,,,,,,,,,,,,,
2026-09-07T02:30:00.000Z,,,,,,,,,,,,,,
2026-09-07T02:45:00.000Z,,,,,,,,,,,,,,
2026-09-07T03:00:00.000Z,,,,,,,,,,,,,,
2026-09-07T03:15:00.000Z,,,,,,,,,,,,,,
2026-09-07T03:30:00.000Z,,,,,,,,,,,,,,
2026-09-07T03:45:00.000Z,,,,,,,,,,,,,,
2026-09-07T04:00:00.000Z,,,,,,,,,,,,,,
2026-09-07T04:15:00.000Z,,,,,,,,,,,,,,
2026-09-07T04:30:00.000Z,,,,,,,,,,,,,,
2026-09-07T04:45:00.000Z,,,,,,,,,,,,,,
2026-09-07T11:15:00.000Z,,,,,,,,,,,,,,
2026-09-07T11:30:00.000Z,,,,,,,,,,,,,,
2026-09-07T11:45:00.000Z,,,,,,,,,,,,,,
2026-09-07T12:00:00.000Z,6.5,73,2,6.5,0,0,35,29.4,0,855.1,54.5,0,6.7,66
2026-09-07T12:15:00.000Z,9.7,63,3,9.7,0,0,42,29.41,0,855.1,93.5,0,9,63
2026-09-07T12:30:00.000Z,10.3,61,3.1,10.3,2.9,3.6,43,29.41,0,855.1,132.7,1,11.3,59
2026-09-07T12:45:00.000Z,9,69,3.6,9,3.6,3.6,41,29.42,0,855.1,169.3,1,13.4,56
2026-09-07T13:00:00.000Z,9.7,69,4.3,9.3,5.4,7.2,15,29.43,0,855.1,212.9,2,14.9,54
2026-09-07T13:15:00.000Z,10.1,71,5.1,10.1,7.9,9.4,10,29.43,0,855.1,253.9,2,16,51
2026-09-07T13:30:00.000Z,10.6,68,4.9,10.6,5,7.2,355,29.43,0,855.1,295.8,2,16.8,49
2026-09-07T13:45:00.000Z,11.2,67,5.3,11.2,4.7,5.4,8,29.44,0,855.1,332.3,3,17.6,47
2026-09-07T14:00:00.000Z,,,,,,,,,,,,,,
2026-09-09T08:15:00.000Z,4.9,96,4.3,4.9,1.8,1.8,339,29.6,0,855.1,0,0,7.1,68
2026-09-09T08:30:00.000Z,5.5,96,4.9,5.5,0,0,339,29.6,0,855.1,0,0,7,69
2026-09-09T08:45:00.000Z,5,96,4.4,5,0,0,339,29.59,0,855.1,0,0,6.8,69
2026-09-09T09:00:00.000Z,4.4,96,3.8,4.4,0.4,1.8,337,29.6,0,855.1,0,0,6.6,69
2026-09-09T09:15:00.000Z,3.5,96,2.9,3.5,0,0,337,29.6,0,855.1,0,0,6.1,68
2026-09-09T09:30:00.000Z,3.8,96,3.2,3.8,0,0,337,29.61,0,855.1,0,0,5.8,68
2026-09-09T09:45:00.000Z,3.4,97,2.9,3.4,0,0,337,29.61,0,855.1,0,0,5.8,69
2026-09-09T10:00:00.000Z,3.9,97,3.4,3.9,0,0,337,29.62,0,855.1,0,0,6.1,69
2026-09-09T10:15:00.000Z,4.4,97,3.9,4.4,0,0,337,29.62,0,855.1,0,0,6.7,71
2026-09-09T10:30:00.000Z,4.7,97,4.3,4.7,0,0,337,29.62,0,855.1,0,0,7.2,71
2026-09-09T10:45:00.000Z,4.6,97,4.2,4.6,0,0,337,29.63,0,855.1,0.4,0,7.3,71
2026-09-09T11:00:00.000Z,4.5,97,4.1,4.5,0,0,337,29.64,0,855.1,3.6,0,7.1,70
2026-09-09T11:15:00.000Z,4.2,97,3.8,4.2,0,0,337,29.63,0,855.1,11.6,0,6.9,69
2026-09-09T11:30:00.000Z,4.4,97,3.9,4.4,1.1,1.8,327,29.64,0,855.1,27.6,0,7.1,70
2026-09-09T11:45:00.000Z,5.7,97,5.3,5.7,0.4,1.8,339,29.64,0,855.1,38.7,0,8.1,72
2026-09-09T12:00:00.000Z,6,97,5.6,6,0,0,339,29.65,0,855.1,45.7,0,9.2,72
2026-09-09T12:15:00.000Z,7,97,6.6,7,1.8,1.8,339,29.65,0,855.1,74.5,0,10,71
2026-09-09T12:30:00.000Z,8.6,97,8.2,8.6,1.4,1.8,339,29.65,0,855.1,77.5,0,11.8,71
2026-09-09T12:45:00.000Z,9.4,90,7.8,9.4,0,0,339,29.66,0,855.1,74.2,0,13.2,67
2026-09-09T13:00:00.000Z,8.6,89,6.9,8.6,0.4,1.8,327,29.66,0,855.1,112.3,1,13.8,65
2026-09-09T13:15:00.000Z,8.9,89,7.2,8.9,1.4,1.8,326,29.65,0,855.1,127.4,1,14.5,62
2026-09-09T13:30:00.000Z,9.9,84,7.3,9.9,1.8,1.8,329,29.66,0,855.1,146.4,1,15.3,61
2026-09-09T13:45:00.000Z,10.2,83,7.4,10.2,1.1,1.8,335,29.66,0,855.1,166.2,1,16,59
2026-09-09T14:00:00.000Z,10.5,82,7.6,10.5,0.4,1.8,335,29.67,0,855.1,156.6,1,16.6,57
2026-09-09T14:15:00.000Z,10.5,83,7.7,10.5,3.6,3.6,324,29.66,0,855.1,145.8,1,16.9,56
2026-09-09T15:00:00.000Z,11.6,79,8.1,11.6,2.2,3.6,334,29.65,0,855.1,388.1,3,18.1,53
2026-09-09T15:15:00.000Z,13,74,8.5,13,4.3,5.4,332,29.66,0,855.1,323,3,19.7,51
2026-09-09T15:30:00.000Z,12.9,75,8.6,12.9,1.8,1.8,332,29.65,0,855.1,295.8,2,20.7,49
2026-09-09T16:15:00.000Z,14.5,70,9.1,14.5,4,5.4,312,29.64,0,855.1,381.5,3,22.7,44
2026-09-09T16:30:00.000Z,14.5,69,8.9,14.5,6.1,7.2,307,29.64,0,855.1,456.6,4,23.2,43
2026-09-09T16:45:00.000Z,14.5,70,9.1,14.5,1.4,1.8,328,29.63,0,855.1,408.6,3,23.5,42
2026-09-09T17:00:00.000Z,15.6,66,9.3,15.6,1.8,1.8,337,29.63,0,855.1,381.7,3,24.2,42
2026-09-09T17:15:00.000Z,15.6,66,9.3,15.6,1.8,1.8,337,29.63,0,855.1,381.7,3,24.2,42
2026-09-09T17:30:00.000Z,15.2,65,8.7,15.2,2.9,3.6,311,29.62,0,855.1,370.3,3,24.3,39
2026-09-09T17:45:00.000Z,15.9,64,9.1,15.9,5.4,7.2,302,29.61,0,855.1,390.8,3,25.5,38
2026-09-09T18:00:00.000Z,16.3,65,9.7,16.3,4,5.4,323,29.61,0,855.1,495.3,4,26.1,38
2026-09-09T18:15:00.000Z,17,61,9.4,17,3.6,5.4,338,29.6,0,855.1,456.8,4,26.6,37
2026-09-09T18:30:00.000Z,17.2,63,10.1,17.2,6.1,9.4,346,29.59,0,855.1,493.9,4,27.3,35
2026-09-09T18:45:00.000Z,15.9,63,8.9,15.9,4,5.4,345,29.58,0,855.1,186.5,1,26.2,36
2026-09-09T19:00:00.000Z,15.3,66,8.9,15.3,6.5,7.2,354,29.57,0,855.1,135.2,1,24.5,37
2026-09-09T19:15:00.000Z,15.2,64,8.4,15.2,5,5.4,342,29.57,0,855.1,119.7,1,23.1,39
2026-09-09T19:30:00.000Z,16.1,62,8.8,16.1,3.2,3.6,353,29.56,0,855.1,344.2,3,23,39
2026-09-09T19:45:00.000Z,15.8,60,8.1,15.8,2.9,3.6,349,29.56,0,855.1,93,0,23.5,37
2026-09-09T20:00:00.000Z,15.6,63,8.6,15.6,5,5.4,320,29.56,0,855.1,327.6,3,22.3,39
2026-09-09T20:15:00.000Z,16.3,60,8.5,16.3,6.5,7.2,337,29.57,0,855.1,164.6,1,23.2,38
2026-09-09T20:30:00.000Z,16.3,61,8.8,16.3,5.4,5.4,341,29.56,0,855.1,240.5,2,22.4,40
2026-09-09T20:45:00.000Z,16.6,61,9.1,16.6,7.9,9.4,306,29.57,0,855.1,206.9,2,23.3,39
2026-09-09T21:00:00.000Z,16.5,61,8.9,16.5,7.2,9.4,340,29.56,0,855.1,165.7,1,23.9,38
2026-09-09T21:15:00.000Z,16.2,60,8.4,16.2,8.6,9.4,300,29.56,0,855.1,115.5,1,23.8,37
2026-09-09T21:30:00.000Z,15.1,62,7.9,15.1,5.4,7.2,342,29.56,0,855.1,54.5,0,22,38
2026-09-09T21:45:00.000Z,15.1,60,7.4,15.1,4.7,5.4,353,29.56,0,855.1,47.8,0,21.2,39
2026-09-09T22:00:00.000Z,14.9,60,7.2,14.9,1.8,1.8,354,29.55,0,855.1,29.7,0,21.4,38
2026-09-09T22:15:00.000Z,14.1,62,6.9,14.1,2.9,3.6,349,29.56,0,855.1,15.9,0,19.8,40
2026-09-09T22:30:00.000Z,12.8,68,7,12.8,1.8,1.8,323,29.56,0,855.1,4.5,0,17.9,42
2026-09-09T22:45:00.000Z,12.3,70,6.9,12.3,3.6,3.6,322,29.56,0,855.1,0.4,0,16.4,45
2026-09-09T23:00:00.000Z,12.9,67,6.9,12.9,1.8,1.8,350,29.56,0,855.1,0,0,15.7,47
2026-09-09T23:15:00.000Z,11.9,71,6.8,11.9,1.8,1.8,319,29.56,0,855.1,0,0,14.9,48
2026-09-09T23:30:00.000Z,11.2,77,7.3,11.2,1.8,1.8,302,29.56,0,855.1,0,0,14.1,51
2026-09-09T23:45:00.000Z,11.5,78,7.8,11.5,1.4,1.8,321,29.57,0,855.1,0,0,13.5,54
2026-09-10T00:00:00.000Z,10.5,81,7.4,10.5,0,0,347,29.57,0,855.1,0,0,12.9,55
2026-09-10T00:15:00.000Z,9.8,83,7.1,9.8,0,0,347,29.57,0,855.1,0,0,12.1,56
2026-09-10T00:30:00.000Z,9.4,86,7.2,9.4,0,0,347,29.57,0,855.1,0,0,11.4,56
2026-09-10T00:45:00.000Z,8.9,88,7,8.9,0,0,349,29.57,0,855.1,0,0,10.6,58
2026-09-10T01:00:00.000Z,9.4,85,7,9.4,2.2,3.6,348,29.57,0,855.1,0,0,10.4,61
2026-09-10T01:15:00.000Z,8.8,87,6.7,8.8,0.4,1.8,349,29.56,0,855.1,0,0,10.2,62
2026-09-10T01:30:00.000Z,8.3,87,6.2,8.3,0,0,339,29.56,0,855.1,0,0,9.9,63
2026-09-10T01:45:00.000Z,7.5,90,5.9,7.5,0.4,1.8,346,29.56,0,855.1,0,0,9.5,63
2026-09-10T02:00:00.000Z,7.3,90,5.7,7.3,0,0,345,29.55,0,855.1,0,0,9.1,63
2026-09-10T02:15:00.000Z,6.4,91,5.1,6.4,0,0,357,29.55,0,855.1,0,0,8.5,62
2026-09-10T02:30:00.000Z,6.3,92,5.1,6.3,0.4,1.8,359,29.55,0,855.1,0,0,7.8,63
2026-09-10T02:45:00.000Z,6.4,93,5.3,6.4,0,0,358,29.55,0,855.1,0,0,7.6,65
2026-09-10T03:00:00.000Z,5.4,93,4.3,5.4,0,0,3,29.55,0,855.1,0,0,7.3,65
2026-09-10T03:15:00.000Z,5.3,94,4.4,5.3,0,0,3,29.54,0,855.1,0,0,7.2,66
2026-09-10T03:30:00.000Z,4.6,94,3.7,4.6,0,0,7,29.53,0,855.1,0,0,6.9,66
2026-09-10T03:45:00.000Z,5,95,4.3,5,0,0,4,29.54,0,855.1,0,0,6.9,67
2026-09-10T04:00:00.000Z,5.2,95,4.5,5.2,0,0,7,29.53,0,855.1,0,0,7.1,68
2026-09-10T04:15:00.000Z,5.7,95,5,5.7,0,0,7,29.53,0,855.1,0,0,7.8,69
2026-09-10T04:30:00.000Z,5.7,96,5.1,5.7,0,0,6,29.52,0,855.1,0,0,8.3,69
2026-09-10T04:45:00.000Z,5.9,96,5.3,5.9,0.4,1.8,6,29.51,0,855.1,0,0,8.7,69
2026-09-10T05:00:00.000Z,6,96,5.4,6,0,0,6,29.51,0,855.1,0,0,9,68
2026-09-10T05:15:00.000Z,6,96,5.4,6,0,0,6,29.51,0,855.1,0,0,9,68
2026-09-10T05:30:00.000Z,6.1,96,5.5,6.1,0,0,7,29.5,0,855.1,0,0,9.2,68
2026-09-10T05:45:00.000Z,6.1,96,5.5,6.1,0,0,6,29.5,0,855.1,0,0,9.2,68
2026-09-10T06:00:00.000Z,5.7,95,5,5.7,0,0,7,29.5,0,855.1,0,0,9,67
2026-09-10T06:15:00.000Z,5.5,96,4.9,5.5,0,0,7,29.48,0,855.1,0,0,8.7,67
2026-09-10T06:30:00.000Z,5.3,96,4.7,5.3,0,0,7,29.48,0,855.1,0,0,8.2,66
2026-09-10T06:45:00.000Z,5.1,96,4.5,5.1,0,0,7,29.47,0,855.1,0,0,7.8,67
2026-09-10T07:00:00.000Z,5,96,4.4,5,0,0,7,29.47,0,855.1,0,0,7.4,67
2026-09-10T07:15:00.000Z,4.9,97,4.4,4.9,0,0,7,29.46,0,855.1,0,0,7.1,68
2026-09-10T07:30:00.000Z,5,96,4.4,5,0,0,7,29.46,0,855.1,0,0,6.8,68
2026-09-10T07:45:00.000Z,3.9,96,3.3,3.9,0,0,7,29.45,0,855.1,0,0,6.6,68
2026-09-10T08:00:00.000Z,4,97,3.6,4,0,0,7,29.44,0,855.1,0,0,6.5,68
2026-09-10T08:15:00.000Z,4.1,97,3.7,4.1,0,0,7,29.44,0,855.1,0,0,6.3,68
2026-09-10T08:30:00.000Z,4.7,97,4.3,4.7,0,0,7,29.44,0,855.1,0,0,6.3,69
2026-09-10T08:45:00.000Z,4.2,97,3.8,4.2,0,0,7,29.44,0,855.1,0,0,6.3,69
2026-09-10T09:00:00.000Z,4.3,97,3.8,4.3,0,0,7,29.44,0,855.1,0,0,6.3,70
2026-09-10T09:15:00.000Z,3.8,97,3.3,3.8,0,0,7,29.44,0,855.1,0,0,6.2,69
2026-09-10T09:30:00.000Z,4,97,3.6,4,0,0,7,29.44,0,855.1,0,0,6.2,70
2026-09-10T09:45:00.000Z,3.5,97,3.1,3.5,0,0,7,29.45,0,855.1,0,0,6.3,70
2026-09-10T10:00:00.000Z,3.9,97,3.4,3.9,0,0,7,29.44,0,855.1,0,0,6.3,70
2026-09-10T10:15:00.000Z,3.5,97,3.1,3.5,0,0,7,29.44,0,855.1,0,0,6.3,70
2026-09-10T10:30:00.000Z,3,97,2.6,3,0,0,7,29.44,0,855.1,0,0,6.2,70
2026-09-10T10:45:00.000Z,3.3,97,2.8,3.3,0,0,7,29.44,0,855.1,0.4,0,6.1,70
2026-09-10T11:00:00.000Z,4.8,98,4.5,4.8,0,0,6,29.44,0,855.1,3.2,0,6.1,70
2026-09-10T11:15:00.000Z,5.2,98,4.9,5.2,0,0,1,29.44,0,855.1,10.8,0,6.4,71
2026-09-10T11:30:00.000Z,5.8,98,5.5,5.8,0.4,1.8,337,29.45,0,855.1,23.6,0,6.9,72
2026-09-10T11:45:00.000Z,6.1,98,5.8,6.1,0.4,1.8,332,29.44,0,855.1,36.1,0,7.9,74
2026-09-10T12:00:00.000Z,6.4,98,6.1,6.4,1.4,3.6,279,29.45,0,855.1,58.1,0,8.9,73
2026-09-10T12:15:00.000Z,7.3,97,6.8,7.3,1.4,1.8,282,29.45,0,855.1,72.4,0,10.7,73
2026-09-10T12:30:00.000Z,7.9,96,7.3,7.9,2.9,3.6,276,29.45,0,855.1,83.8,0,12.5,70
2026-09-10T12:45:00.000Z,8.9,88,7,8.9,3.2,3.6,212,29.46,0,855.1,120.2,1,13.9,67
2026-09-10T13:00:00.000Z,9.8,82,6.8,9.2,6.1,7.2,188,29.46,0,855.1,169.6,1,15.4,63
2026-09-10T13:15:00.000Z,10.2,82,7.3,10.2,5,5.4,194,29.46,0,855.1,221.3,2,16.8,59
2026-09-10T13:30:00.000Z,10.6,80,7.3,10.6,4.7,7.2,192,29.46,0,855.1,244.8,2,17.6,56
2026-09-10T13:45:00.000Z,11,79,7.5,11,8.6,11.2,183,29.46,0,855.1,316.4,3,18,53
2026-09-10T14:00:00.000Z,11.9,78,8.2,11.9,5.4,7.2,206,29.46,0,855.1,366.7,3,18.7,53
2026-09-10T14:15:00.000Z,12,76,7.9,12,5.4,5.4,199,29.46,0,855.1,417.8,4,19.5,50
2026-09-10T14:30:00.000Z,12.9,74,8.4,12.9,6.5,7.2,197,29.46,0,855.1,447.4,4,20.2,49
2026-09-10T14:45:00.000Z,13.3,71,8.1,13.3,6.5,7.2,194,29.46,0,855.1,481.7,4,20.7,47
2026-09-10T15:00:00.000Z,13.7,70,8.3,13.7,4,5.4,279,29.45,0,855.1,499.7,4,21.2,46
2026-09-10T15:15:00.000Z,14.3,68,8.4,14.3,4.7,5.4,211,29.45,0,855.1,530.1,5,21.7,45
2026-09-10T15:30:00.000Z,14.6,64,7.9,14.6,8.3,13,263,29.45,0,855.1,559.4,5,22.3,43
2026-09-10T15:45:00.000Z,15.2,63,8.2,15.2,5.4,7.2,179,29.45,0,855.1,583,5,22.7,43
2026-09-10T16:00:00.000Z,15.6,58,7.4,15.6,13.7,14.8,163,29.46,0,855.1,541.3,5,23.1,41
2026-09-10T16:15:00.000Z,15.6,61,8.1,15.6,2.2,3.6,85,29.45,0,855.1,460.6,4,23.4,39
2026-09-10T16:30:00.000Z,16,56,7.2,16,7.2,11.2,185,29.46,0,855.1,642.1,6,24,38
2026-09-10T16:45:00.000Z,15.9,60,8.2,15.9,4.7,5.4,324,29.45,0,855.1,587.1,5,24.5,37
2026-09-10T17:00:00.000Z,16,57,7.5,16,6.5,9.4,183,29.45,0,855.1,377.8,3,24.9,36
2026-09-10T17:15:00.000Z,15.5,57,7,15.5,7.9,11.2,220,29.44,0,855.1,264.9,2,24.3,36
2026-09-10T17:30:00.000Z,16.5,54,7.2,16.5,7.9,9.4,188,29.45,0,855.1,599,5,24.4,37
2026-09-10T17:45:00.000Z,16.4,57,7.8,16.4,9,11.2,177,29.45,0,855.1,515.9,5,25.4,35
2026-09-10T18:00:00.000Z,17.1,52,7.2,17.1,7.9,11.2,226,29.44,0,855.1,602,5,26.1,34
2026-09-10T18:15:00.000Z,16.9,50,6.4,16.9,3.6,5.4,197,29.44,0,855.1,563,5,26.1,33
2026-09-10T18:30:00.000Z,16.7,52,6.8,16.7,7.2,7.2,181,29.44,0,855.1,311.9,3,26.1,32
2026-09-10T18:45:00.000Z,17.5,45,5.4,17.5,6.1,11.2,179,29.44,0,855.1,508,4,25.7,32
2026-09-10T19:00:00.000Z,16.3,50,5.8,16.3,9.7,13,182,29.44,0,855.1,191.6,1,24.9,32
2026-09-10T19:15:00.000Z,15.9,52,6.1,15.9,7.9,11.2,183,29.44,0,855.1,173.7,1,23.5,33
2026-09-10T19:30:00.000Z,15.9,51,5.8,15.9,12.2,14.8,190,29.45,0,855.1,193.4,1,22.6,35
2026-09-10T19:45:00.000Z,15.6,53,6.1,15.6,13.3,16.6,199,29.44,0,855.1,130.6,1,21.7,36
2026-09-10T20:00:00.000Z,15.3,54,6.1,15.3,10.4,13,201,29.44,0,855.1,141.9,1,20.9,37
2026-09-10T20:15:00.000Z,15.3,53,5.8,15.3,8.6,11.2,178,29.45,0,855.1,110.7,1,20.5,38
2026-09-10T20:30:00.000Z,15.1,53,5.6,15.1,7.9,9.4,200,29.45,0,855.1,98.9,0,20,38
2026-09-10T20:45:00.000Z,15.1,55,6.2,15.1,6.5,9.4,175,29.45,0,855.1,117.2,1,19.6,39
2026-09-10T21:00:00.000Z,15.1,53,5.6,15.1,6.5,7.2,183,29.46,0,855.1,77.1,0,19.6,39
2026-09-10T21:15:00.000Z,15,54,5.8,15,4,5.4,196,29.46,0,855.1,62.7,0,19.2,40
2026-09-10T21:30:00.000Z,15.1,54,5.9,15.1,2.9,3.6,177,29.47,0,855.1,63.1,0,19.1,40
2026-09-10T21:45:00.000Z,15.1,53,5.6,15.1,2.9,3.6,221,29.47,0,855.1,42.1,0,19,40
2026-09-10T22:00:00.000Z,14.8,55,5.8,14.8,0,0,54,29.48,0,855.1,24.8,0,18.7,41
2026-09-10T22:15:00.000Z,14.6,55,5.7,14.6,1.8,1.8,183,29.48,0,855.1,7.1,0,18.2,41
2026-09-10T22:30:00.000Z,14.3,57,5.9,14.3,0.4,1.8,0,29.49,0,855.1,1.7,0,17.7,42
2026-09-10T22:45:00.000Z,14.1,59,6.2,14.1,4.3,7.2,284,29.5,0,855.1,0.2,0,17.2,43
2026-09-10T23:00:00.000Z,13.7,61,6.3,13.7,1.8,1.8,283,29.5,0,855.1,0,0,16.8,44
2026-09-10T23:15:00.000Z,13.7,61,6.3,13.7,1.4,1.8,226,29.5,0,855.1,0,0,16.5,45
2026-09-10T23:30:00.000Z,13.4,62,6.3,13.4,0,0,304,29.5,0,855.1,0,0,16.3,45
2026-09-10T23:45:00.000Z,13.3,64,6.6,13.3,0,0,250,29.51,0,855.1,0,0,16.1,46
2026-09-11T00:00:00.000Z,12.9,63,6,12.9,2.9,3.6,260,29.51,0,855.1,0,0,15.9,47
2026-09-11T00:15:00.000Z,12.9,64,6.3,12.9,1.1,1.8,342,29.52,0,855.1,0,0,15.6,47
2026-09-11T00:30:00.000Z,12.4,66,6.2,12.4,2.9,3.6,292,29.52,0,855.1,0,0,15.3,48
2026-09-11T00:45:00.000Z,11.7,70,6.4,11.7,0,0,358,29.53,0,855.1,0,0,14.9,50
2026-09-11T01:00:00.000Z,11.7,70,6.4,11.7,0.4,1.8,356,29.53,0,855.1,0,0,14.6,50
2026-09-11T01:15:00.000Z,11.5,70,6.2,11.5,1.1,1.8,343,29.53,0,855.1,0,0,14.3,51
2026-09-11T01:30:00.000Z,11,72,6.2,11,0,0,340,29.53,0,855.1,0,0,14,51
2026-09-11T01:45:00.000Z,11.1,70,5.8,11.1,0.4,1.8,315,29.53,0,855.1,0,0,13.8,52
2026-09-11T02:00:00.000Z,11,70,5.7,11,2.2,3.6,282,29.53,0,855.1,0,0,13.5,52
2026-09-11T02:15:00.000Z,11,71,5.9,11,1.1,1.8,278,29.54,0,855.1,0,0,13.4,53
2026-09-11T02:30:00.000Z,10.4,74,5.9,10.4,1.8,1.8,289,29.54,0,855.1,0,0,13.2,54
2026-09-11T02:45:00.000Z,10.3,74,5.8,10.3,1.8,1.8,270,29.54,0,855.1,0,0,12.8,54
2026-09-11T03:00:00.000Z,8.9,79,5.4,8.9,1.8,1.8,311,29.55,0,855.1,0,0,12.3,55
2026-09-11T03:15:00.000Z,8.5,81,5.4,8.5,0,0,316,29.55,0,855.1,0,0,11.8,55
2026-09-11T03:30:00.000Z,8.6,80,5.3,8.6,0,0,317,29.55,0,855.1,0,0,11.3,56
2026-09-11T07:30:00.000Z,7.8,92,6.6,6.9,6.1,7.2,152,29.57,3,861,0,0,10.7,69
2026-09-11T07:45:00.000Z,7.9,92,6.7,6.6,7.6,9.4,152,29.57,1.2,861.2,0,0,10.6,69
2026-09-11T08:00:00.000Z,7.9,92,6.7,5.6,13,14.8,143,29.57,0,861.2,0,0,10.6,69
2026-09-11T08:15:00.000Z,8,92,6.8,6.9,6.8,9.4,142,29.57,0,861.2,0,0,10.6,69
2026-09-11T08:30:00.000Z,7.9,92,6.7,6.9,6.5,7.2,159,29.57,0,861.2,0,0,10.6,70
2026-09-11T08:45:00.000Z,7.9,92,6.7,7.9,2.2,3.6,194,29.58,1.8,861.5,0,0,10.6,70
2026-09-11T09:00:00.000Z,7.8,93,6.7,7.8,3.6,3.6,228,29.58,0,861.5,0,0,10.7,70
2026-09-11T09:15:00.000Z,7.8,93,6.7,7.8,0,0,327,29.59,1.2,861.7,0,0,10.8,70
2026-09-11T09:30:00.000Z,7.7,94,6.8,7.7,1.8,1.8,187,29.58,0,861.7,0,0,10.8,71
2026-09-11T09:45:00.000Z,7.6,94,6.7,7.6,1.4,1.8,275,29.59,1.8,862,0,0,10.9,71
2026-09-11T10:00:00.000Z,7.6,95,6.9,7.6,0,0,259,29.6,0,862,0,0,10.9,71
2026-09-11T10:15:00.000Z,7.6,95,6.9,7.6,2.9,3.6,222,29.6,0,862,0,0,10.9,71
2026-09-11T10:30:00.000Z,7.6,95,6.9,7.6,3.6,3.6,202,29.61,1.2,862.2,0,0,10.9,70
2026-09-11T10:45:00.000Z,7.5,95,6.8,6.8,5.4,7.2,202,29.61,0,862.2,0.1,0,10.9,70
2026-09-11T11:00:00.000Z,7.5,94,6.6,6.8,5.4,5.4,204,29.62,0,862.2,2.8,0,10.8,70
2026-09-11T11:15:00.000Z,7.4,94,6.5,7.4,2.5,3.6,191,29.62,0,862.2,7.4,0,10.7,70
2026-09-11T11:30:00.000Z,7.4,95,6.7,7.4,0.4,1.8,193,29.63,0,862.2,11.5,0,10.7,70
2026-09-11T11:45:00.000Z,7.5,95,6.8,7.5,2.2,3.6,192,29.63,0,862.2,39.2,0,10.9,70
2026-09-11T12:00:00.000Z,7.7,95,7,7.7,2.5,3.6,171,29.63,0,862.2,44.1,0,11.2,71
2026-09-11T12:15:00.000Z,7.8,95,7.1,7.1,5.4,7.2,161,29.63,0,862.2,49.4,0,11.7,70
2026-09-11T12:30:00.000Z,8,94,7.1,7.1,6.5,7.2,206,29.64,0,862.2,87.5,0,12.1,70
2026-09-11T12:45:00.000Z,8.3,92,7.1,7.3,6.8,9.4,168,29.64,0,862.2,106.7,1,12.5,69
2026-09-11T13:00:00.000Z,8.6,91,7.2,7.6,7.2,7.2,184,29.65,0,862.2,127.5,1,12.9,68
2026-09-11T13:15:00.000Z,8.8,90,7.2,8.2,5.4,7.2,227,29.66,0,862.2,153.1,1,13.3,67
2026-09-11T13:30:00.000Z,9.5,89,7.8,8.2,9.4,11.2,208,29.66,0,862.2,389.2,3,14.3,67
2026-09-11T13:45:00.000Z,10.2,86,8,10.2,2.2,3.6,167,29.67,0,862.2,190.8,1,16.3,64
2026-09-11T14:00:00.000Z,9.5,85,7.1,8.1,9.7,11.2,193,29.67,0,862.2,131.2,1,16.2,60
2026-09-11T14:15:00.000Z,9.8,86,7.6,8.3,10.4,11.2,193,29.68,0,862.2,141.6,1,15.9,60
2026-09-11T14:30:00.000Z,9.8,84,7.2,8.8,7.9,11.2,185,29.68,0,862.2,122.2,1,15.7,59
2026-09-11T14:45:00.000Z,9.6,84,7.1,8.4,8.6,11.2,203,29.68,0,862.2,158.3,1,15.3,59
2026-09-11T15:00:00.000Z,9.1,87,7.1,7.5,10.4,13,175,29.68,0,862.2,119.4,1,14.8,59
2026-09-11T15:15:00.000Z,8.9,85,6.5,7,11.9,14.8,149,29.67,0,862.2,83.7,0,14.3,60
2026-09-11T15:30:00.000Z,8.9,86,6.7,7.1,11.2,13,195,29.68,0,862.2,89.5,0,13.7,60
2026-09-11T16:30:00.000Z,9.1,82,6.2,7.8,9,9.4,219,29.68,0,862.2,191.1,1,13.7,61
2026-09-11T16:45:00.000Z,9.3,81,6.2,8.3,7.2,9.4,170,29.69,0,862.2,137.2,1,14.1,60
2026-09-11T17:00:00.000Z,9.4,82,6.5,7.4,13,14.8,181,29.68,0,862.2,143,1,14.3,59
2026-09-11T17:15:00.000Z,9.5,82,6.6,7.7,12.2,14.8,145,29.68,0,862.2,146.2,1,14.5,59
2026-09-11T17:30:00.000Z,9.7,82,6.8,8.8,7.2,9.4,149,29.68,0,862.2,163.7,1,14.7,58
2026-09-11T17:45:00.000Z,10.2,79,6.7,10.2,11.9,13,168,29.68,0,862.2,229.8,2,15.2,58
2026-09-11T18:00:00.000Z,10.5,78,6.8,10.5,6.1,7.2,149,29.67,0,862.2,266.1,2,15.9,57
2026-09-11T18:15:00.000Z,10.8,79,7.3,10.8,8.6,9.4,180,29.67,0,862.2,303.7,2,16.7,55
2026-09-11T18:30:00.000Z,11,78,7.3,11,6.8,9.4,152,29.67,0,862.2,281.6,2,17.4,54
2026-09-11T18:45:00.000Z,11.4,77,7.5,11.4,9.4,11.2,140,29.67,0,862.2,295,2,18.1,53
2026-09-11T19:00:00.000Z,11.5,76,7.4,11.5,11.2,14.8,154,29.67,0,862.2,259.2,2,18.6,52
2026-09-11T19:15:00.000Z,11.4,76,7.3,11.4,8.6,11.2,155,29.66,0,862.2,182.5,1,18.3,51
2026-09-11T20:15:00.000Z,11.4,76,7.3,11.4,7.9,11.2,178,29.66,0,862.2,89.6,0,16.7,53
2026-09-11T20:30:00.000Z,11.3,78,7.6,11.3,4.7,7.2,171,29.66,0,862.2,107.7,1,16.4,54
2026-09-11T20:45:00.000Z,11.3,77,7.4,11.3,9.4,11.2,141,29.65,0,862.2,104.6,1,16.4,54
2026-09-11T21:00:00.000Z,11.4,77,7.5,11.4,6.1,7.2,136,29.66,0,862.2,84.7,0,16.4,54
2026-09-11T21:15:00.000Z,11.4,78,7.7,11.4,6.1,9.4,191,29.66,0,862.2,71.8,0,16.3,55
2026-09-11T21:30:00.000Z,11.3,75,7,11.3,8.6,11.2,165,29.65,0,862.2,52.4,0,16.1,54
2026-09-11T21:45:00.000Z,11.3,76,7.2,11.3,10.4,13,180,29.65,0,862.2,42.3,0,15.7,54
2026-09-11T22:00:00.000Z,11.2,77,7.3,11.2,4.3,5.4,198,29.66,0,862.2,29.1,0,15.4,55
2026-09-11T22:15:00.000Z,10.8,77,6.9,10.8,5.4,7.2,164,29.66,0,862.2,16.4,0,14.7,56
2026-09-11T22:30:00.000Z,10.5,78,6.8,10.5,3.6,5.4,190,29.66,0,862.2,7,0,14,57
2026-09-11T22:45:00.000Z,9.9,81,6.8,9.9,2.2,3.6,150,29.67,0,862.2,0.8,0,13.4,58
2026-09-11T23:00:00.000Z,9,84,6.4,9,1.1,1.8,145,29.66,0,862.2,0,0,12.6,59
2026-09-11T23:15:00.000Z,8.6,86,6.4,8.6,0.4,1.8,119,29.66,0,862.2,0,0,11.7,60
2026-09-11T23:30:00.000Z,8.1,87,6.1,8.1,0,0,107,29.67,0,862.2,0,0,10.7,61
2026-09-11T23:45:00.000Z,6.9,90,5.4,6.9,0,0,107,29.67,0,862.2,0,0,9.8,61
2026-09-12T00:00:00.000Z,6.5,91,5.2,6.5,0,0,90,29.66,0,862.2,0,0,9.1,62
2026-09-12T00:15:00.000Z,6.1,93,5.1,6.1,0,0,90,29.67,0,862.2,0,0,8.4,63
2026-09-12T00:30:00.000Z,6,94,5.1,6,0,0,90,29.67,0,862.2,0,0,7.8,64
2026-09-12T00:45:00.000Z,6.1,95,5.4,6.1,0,0,90,29.67,0,862.2,0,0,7.4,65
2026-09-12T01:00:00.000Z,5.3,95,4.6,5.3,0,0,90,29.67,0,862.2,0,0,7.2,66
2026-09-12T01:15:00.000Z,5.8,96,5.2,5.8,0,0,90,29.67,0,862.2,0,0,7.4,68
2026-09-12T01:30:00.000Z,5.8,96,5.2,5.8,0,0,90,29.67,0,862.2,0,0,7.9,69
2026-09-12T01:45:00.000Z,5.6,96,5,5.6,0,0,90,29.68,0,862.2,0,0,8.1,69
2026-09-12T02:00:00.000Z,5.9,96,5.3,5.9,0.4,1.8,101,29.67,0,862.2,0,0,8,69
2026-09-12T02:15:00.000Z,5.3,96,4.7,5.3,0,0,100,29.67,0,862.2,0,0,7.8,69
2026-09-12T02:30:00.000Z,5.6,96,5,5.6,0,0,100,29.68,0,862.2,0,0,7.5,69
2026-09-12T02:45:00.000Z,4.6,96,4.1,4.6,0,0,99,29.67,0,862.2,0,0,7,68
2026-09-12T03:00:00.000Z,4.3,96,3.7,4.3,0,0,86,29.67,0,862.2,0,0,6.3,68
2026-09-12T03:15:00.000Z,4,96,3.4,4,0,0,86,29.67,0,862.2,0,0,5.9,68
2026-09-12T03:30:00.000Z,4.4,97,3.9,4.4,0,0,63,29.68,0,862.2,0,0,5.3,68
2026-09-12T03:45:00.000Z,3.4,97,2.9,3.4,0.7,1.8,67,29.67,0,862.2,0,0,4.9,68
2026-09-12T04:00:00.000Z,3.4,97,2.9,3.4,0.4,1.8,114,29.67,0,862.2,0,0,4.7,69
2026-09-12T04:15:00.000Z,3.4,97,2.9,3.4,0.4,1.8,80,29.67,0,862.2,0,0,4.6,69
2026-09-12T04:30:00.000Z,3.2,97,2.8,3.2,0,0,87,29.66,0,862.2,0,0,4.4,70
2026-09-12T04:45:00.000Z,3.6,97,3.2,3.6,1.1,1.8,122,29.65,0,862.2,0,0,4.4,70
2026-09-12T05:00:00.000Z,3.4,97,2.9,3.4,0,0,221,29.66,0,862.2,0,0,4.5,71
2026-09-12T05:15:00.000Z,3,97,2.6,3,1.1,1.8,11,29.66,0,862.2,0,0,4.4,70
2026-09-12T05:30:00.000Z,3.7,97,3.3,3.7,0.4,1.8,64,29.66,0,862.2,0,0,4.6,71
2026-09-12T05:45:00.000Z,4.1,97,3.7,4.1,1.4,1.8,154,29.66,0,862.2,0,0,4.9,72
2026-09-12T06:00:00.000Z,3.8,97,3.3,3.8,2.9,5.4,203,29.66,0,862.2,0,0,5.1,72
2026-09-12T06:15:00.000Z,3.5,97,3.1,3.5,1.4,1.8,150,29.66,0,862.2,0,0,5.3,72
2026-09-12T06:30:00.000Z,3,97,2.6,3,0,0,142,29.66,0,862.2,0,0,5.2,72
2026-09-12T06:45:00.000Z,3.2,97,2.8,3.2,1.4,1.8,148,29.66,0,862.2,0,0,5,71
2026-09-12T07:00:00.000Z,3.2,97,2.8,3.2,1.1,1.8,15,29.66,0,862.2,0,0,4.9,71
2026-09-12T07:15:00.000Z,3.1,97,2.7,0.7,8.6,11.2,208,29.66,0,862.2,0,0,4.9,72
2026-09-12T07:30:00.000Z,3,97,2.6,1.3,6.5,9.4,210,29.65,0,862.2,0,0,5,72
2026-09-12T07:45:00.000Z,2.9,93,1.9,1.5,5.4,5.4,193,29.64,0,862.2,0,0,4.9,71
2026-09-12T08:00:00.000Z,2.6,90,1.1,2.6,0.7,1.8,138,29.64,0,862.2,0,0,4.7,70
2026-09-12T08:15:00.000Z,2.2,91,0.9,2.2,1.8,1.8,152,29.63,0,862.2,0,0,4.4,70
2026-09-12T08:30:00.000Z,2.6,91,1.3,2.6,1.8,1.8,217,29.63,0,862.2,0,0,4.3,70
2026-09-12T08:45:00.000Z,2.6,89,1,2.6,0.4,1.8,358,29.63,0,862.2,0,0,4.2,70
2026-09-12T09:00:00.000Z,2.5,88,0.7,2.5,0.4,1.8,235,29.64,0,862.2,0,0,4.2,70
2026-09-12T09:15:00.000Z,2.5,87,0.6,2.5,1.8,1.8,178,29.64,0,862.2,0,0,4.1,70
2026-09-12T09:30:00.000Z,2.2,87,0.3,2.2,2.2,3.6,153,29.64,0,862.2,0,0,4,70
2026-09-12T09:45:00.000Z,2.1,88,0.3,2.1,1.4,1.8,143,29.64,0,862.2,0,0,3.9,69
2026-09-12T10:00:00.000Z,2.2,87,0.3,2.2,0,0,26,29.64,0,862.2,0,0,3.8,69
2026-09-12T10:15:00.000Z,1.8,87,-0.2,1.8,0.4,1.8,99,29.65,0,862.2,0,0,3.7,69
2026-09-12T10:30:00.000Z,2.1,86,0,2.1,3.6,3.6,186,29.65,0,862.2,0,0,3.7,69
2026-09-12T10:45:00.000Z,2,86,-0.1,2,0,0,22,29.66,0,862.2,0.8,0,3.6,69
2026-09-12T11:00:00.000Z,2.4,83,-0.2,2.4,4,5.4,136,29.66,0,862.2,5.8,0,3.7,69
2026-09-12T11:15:00.000Z,2.5,83,-0.1,2.5,2.5,3.6,233,29.67,0,862.2,14.6,0,3.9,69
2026-09-12T11:30:00.000Z,3.3,81,0.3,3.3,2.2,3.6,150,29.67,0,862.2,24.9,0,4.6,70
2026-09-12T11:45:00.000Z,4.1,79,0.8,4.1,0.4,1.8,67,29.68,0,862.2,34.8,0,6,69
2026-09-12T12:00:00.000Z,4.8,78,1.3,4.8,2.2,3.6,217,29.68,0,862.2,48,0,7.8,68
2026-09-12T12:15:00.000Z,5.3,74,1,5.3,2.5,3.6,164,29.68,0,862.2,69.5,0,9.5,64
2026-09-12T12:30:00.000Z,6,74,1.7,6,4.3,5.4,216,29.68,0,862.2,98.5,0,10.9,62
2026-09-12T12:45:00.000Z,6.4,71,1.5,5.1,6.8,9.4,170,29.68,0,862.2,145.6,1,12.2,59
2026-09-12T13:00:00.000Z,6.9,70,1.8,5.8,6.5,7.2,206,29.68,0,862.2,226.2,2,13.3,57
2026-09-12T13:15:00.000Z,7.7,69,2.4,7.7,2.5,3.6,176,29.69,0,862.2,284.8,2,14.3,54
2026-09-12T13:30:00.000Z,8.4,68,2.8,8.4,3.6,3.6,198,29.69,0,862.2,327.7,3,15.1,52
2026-09-12T13:45:00.000Z,8.7,64,2.3,8.7,2.2,3.6,249,29.69,0,862.2,368.5,3,15.9,48
2026-09-12T14:00:00.000Z,9.3,63,2.6,8.4,6.8,7.2,247,29.69,0,862.2,406.8,3,16.6,46
2026-09-12T14:15:00.000Z,10.2,62,3.3,10.2,1.8,1.8,237,29.69,0,862.2,442.9,4,17.2,47
2026-09-12T14:30:00.000Z,10.8,65,4.4,10.8,4,5.4,248,29.69,0,862.2,477.3,4,17.8,46
2026-09-12T14:45:00.000Z,11.6,60,4.1,11.6,7.2,9.4,214,29.68,0,862.2,508.5,4,18.3,45
2026-09-12T15:00:00.000Z,12.3,55,3.5,12.3,5.8,7.2,189,29.68,0,862.2,533.1,5,19,43
2026-09-12T15:15:00.000Z,13.6,54,4.5,13.6,5.4,9.4,206,29.68,0,862.2,555.6,5,19.9,42
2026-09-12T15:30:00.000Z,14.3,52,4.6,14.3,4.3,5.4,216,29.67,0,862.2,572.2,5,20.7,41
2026-09-12T15:45:00.000Z,14.9,50,4.6,14.9,7.9,9.4,188,29.66,0,862.2,589,5,21.7,39
2026-09-12T16:00:00.000Z,15.4,46,3.8,15.4,4.7,5.4,179,29.67,0,862.2,606.2,5,22.3,36
2026-09-12T16:15:00.000Z,15.9,49,5.2,15.9,6.1,7.2,279,29.66,0,862.2,610.4,5,23.1,35
2026-09-12T16:30:00.000Z,16,44,3.8,16,6.8,7.2,228,29.67,0,862.2,620.5,6,23.5,35
2026-09-12T16:45:00.000Z,16.2,44,3.9,16.2,6.8,11.2,221,29.65,0,862.2,622.1,6,23.9,34
2026-09-12T17:00:00.000Z,16.8,42,3.8,16.8,10.4,14.8,202,29.64,0,862.2,620.5,6,24.2,33
2026-09-12T17:15:00.000Z,17.4,42,4.3,17.4,4.7,7.2,188,29.64,0,862.2,612.7,5,24.4,33
2026-09-12T17:30:00.000Z,18.3,37,3.3,18.3,6.5,9.4,188,29.63,0,862.2,605.6,5,25.2,32
2026-09-12T17:45:00.000Z,18.3,40,4.4,18.3,14,16.6,193,29.63,0,862.2,593,5,25.7,32
2026-09-12T18:00:00.000Z,18.5,37,3.6,18.5,8.3,11.2,231,29.63,0,862.2,578.1,5,25.8,30
2026-09-12T18:15:00.000Z,19.2,37,4.2,19.2,6.5,7.2,169,29.62,0,862.2,555.6,5,26.3,30
2026-09-12T18:30:00.000Z,20,36,4.5,20,10.4,13,195,29.61,0,862.2,532.7,5,26.6,30
2026-09-12T18:45:00.000Z,19.6,36,4.2,19.6,2.2,3.6,143,29.61,0,862.2,508.6,4,27,29
2026-09-12T19:00:00.000Z,19.9,33,3.2,19.9,4.3,7.2,113,29.6,0,862.2,478.6,4,27.3,28
2026-09-12T19:15:00.000Z,20.5,34,4.1,20.5,7.2,9.4,110,29.6,0,862.2,446.2,4,27.5,28
2026-09-12T19:30:00.000Z,20.7,32,3.4,20.7,5,5.4,185,29.6,0,862.2,409.3,3,27.6,28
2026-09-12T19:45:00.000Z,20.6,32,3.3,20.6,8.6,11.2,148,29.59,0,862.2,374.1,3,27.7,28
2026-09-12T20:00:00.000Z,20.5,33,3.7,20.5,5.4,7.2,83,29.58,0,862.2,331.4,3,27.3,28
2026-09-12T20:15:00.000Z,20.6,35,4.6,20.6,3.6,5.4,59,29.59,0,862.2,289.3,2,27.2,28
2026-09-12T20:30:00.000Z,20.5,30,2.3,20.5,11.9,14.8,118,29.58,0,862.2,245.1,2,26.9,29
2026-09-12T20:45:00.000Z,19.9,29,1.3,19.9,7.6,11.2,48,29.57,0,862.2,205.1,1,26.2,26
2026-09-12T21:00:00.000Z,19.5,30,1.5,19.5,9.7,13,34,29.58,0,862.2,161.2,1,26,25
2026-09-12T21:15:00.000Z,19.3,29,0.8,19.3,5.8,7.2,43,29.58,0,862.2,119.9,1,26,25
2026-09-12T21:30:00.000Z,19,30,1.1,19,10.1,13,68,29.57,0,862.2,82.7,0,25.8,25
2026-09-12T21:45:00.000Z,18.5,30,0.6,18.5,7.9,11.2,63,29.57,0,862.2,53.9,0,25.3,24
2026-09-12T22:00:00.000Z,18,32,1.1,18,9.4,13,75,29.57,0,862.2,32,0,24.5,25
2026-09-12T22:15:00.000Z,17.3,31,0,17.3,10.1,11.2,84,29.57,0,862.2,16.3,0,22.6,25
2026-09-12T22:30:00.000Z,15.7,37,1.1,15.7,6.1,7.2,120,29.57,0,862.2,7.3,0,20.1,27
2026-09-12T22:45:00.000Z,14.3,39,0.5,14.3,1.8,1.8,120,29.58,0,862.2,1.3,0,18.2,30
2026-09-12T23:00:00.000Z,13.9,39,0.2,13.9,2.2,3.6,78,29.58,0,862.2,0,0,16.4,32
2026-09-12T23:15:00.000Z,13.1,42,0.5,13.1,3.6,3.6,176,29.58,0,862.2,0,0,15,34
2026-09-12T23:30:00.000Z,12.5,47,1.5,12.5,0,0,42,29.58,0,862.2,0,0,14,36
2026-09-12T23:45:00.000Z,11.3,52,1.8,11.3,1.1,1.8,32,29.57,0,862.2,0,0,12.9,38
2026-09-13T00:00:00.000Z,10.5,53,1.3,10.5,1.4,1.8,66,29.57,0,862.2,0,0,11.6,41
2026-09-13T00:15:00.000Z,10.1,52,0.7,10.1,2.2,3.6,126,29.57,0,862.2,0,0,10.8,43
2026-09-13T00:30:00.000Z,10.6,51,0.9,10.6,0,0,72,29.57,0,862.2,0,0,10.5,43
2026-09-13T00:45:00.000Z,9.5,54,0.7,9.5,0,0,99,29.57,0,862.2,0,0,10,44
2026-09-13T01:00:00.000Z,9.5,55,0.9,9.5,0,0,132,29.57,0,862.2,0,0,9.5,46
2026-09-13T01:15:00.000Z,9.3,51,-0.3,9.3,1.1,1.8,243,29.57,0,862.2,0,0,9,46
2026-09-13T01:30:00.000Z,9.7,53,0.6,9.7,0,0,85,29.56,0,862.2,0,0,9,46
2026-09-13T01:45:00.000Z,8.8,62,1.9,8.8,0,0,323,29.56,0,862.2,0,0,8.8,48
2026-09-13T02:00:00.000Z,9.3,65,3.1,9.3,0.7,1.8,194,29.57,0,862.2,0,0,8.9,50
2026-09-13T02:15:00.000Z,9.4,61,2.3,9.4,4.3,5.4,209,29.57,0,862.2,0,0,9.3,51
2026-09-13T02:30:00.000Z,9.1,61,2,9.1,3.6,3.6,199,29.58,0,862.2,0,0,9.5,51
2026-09-13T02:45:00.000Z,8.6,62,1.7,8.6,2.5,3.6,213,29.57,0,862.2,0,0,9.6,50
2026-09-13T03:00:00.000Z,8.2,61,1.2,8.2,1.8,1.8,192,29.57,0,862.2,0,0,9.4,50
2026-09-13T03:15:00.000Z,7,64,0.7,7,0.4,1.8,129,29.57,0,862.2,0,0,8.9,50
2026-09-13T03:30:00.000Z,5.8,69,0.6,5.8,0,0,58,29.57,0,862.2,0,0,8,50
2026-09-13T03:45:00.000Z,5,72,0.4,5,0,0,39,29.56,0,862.2,0,0,7.1,51
2026-09-13T04:00:00.000Z,4.4,75,0.3,4.4,0,0,35,29.57,0,862.2,0,0,6.3,52
2026-09-13T04:15:00.000Z,5.6,67,-0.1,5.6,1.8,1.8,196,29.57,0,862.2,0,0,6,54
2026-09-13T04:30:00.000Z,7.4,59,-0.1,7.4,3.6,5.4,190,29.55,0,862.2,0,0,6.5,54
2026-09-13T04:45:00.000Z,6.9,61,-0.1,6.9,3.6,5.4,194,29.55,0,862.2,0,0,6.9,53
2026-09-13T05:00:00.000Z,6.4,64,0.1,6.4,3.6,3.6,181,29.56,0,862.2,0,0,7.2,53
2026-09-13T05:15:00.000Z,5.4,69,0.2,5.4,0,0,100,29.57,0,862.2,0,0,7.1,53
2026-09-13T05:30:00.000Z,4,74,-0.2,4,0,0,99,29.56,0,862.2,0,0,6.4,53
2026-09-13T05:45:00.000Z,2.7,78,-0.7,2.7,0,0,99,29.55,0,862.2,0,0,5.6,54
2026-09-13T06:00:00.000Z,3,80,-0.1,3,0,0,47,29.54,0,862.2,0,0,4.8,55
2026-09-13T06:15:00.000Z,3,81,0.1,3,0,0,358,29.54,0,862.2,0,0,4.3,57
2026-09-13T06:30:00.000Z,1.5,84,-0.9,1.5,0,0,38,29.53,0,862.2,0,0,3.7,57
2026-09-13T06:45:00.000Z,1.7,86,-0.4,1.7,0,0,38,29.53,0,862.2,0,0,3.3,58
2026-09-13T07:00:00.000Z,1,88,-0.8,1,0,0,38,29.52,0,862.2,0,0,2.8,59
2026-09-13T07:15:00.000Z,1.5,86,-0.6,1.5,0,0,54,29.5,0,862.2,0,0,2.5,60
2026-09-13T07:30:00.000Z,2,85,-0.3,2,0,0,343,29.5,0,862.2,0,0,2.4,62
2026-09-13T07:45:00.000Z,1.5,84,-0.9,1.5,2.2,3.6,295,29.51,0,862.2,0,0,2.4,62
2026-09-13T08:00:00.000Z,3.5,74,-0.7,3.5,3.6,5.4,187,29.51,0,862.2,0,0,2.8,63
2026-09-13T08:15:00.000Z,3.9,71,-0.9,3.9,2.9,3.6,187,29.5,0,862.2,0,0,3.4,63
2026-09-13T08:30:00.000Z,3.2,74,-0.9,3.2,1.4,1.8,155,29.5,0,862.2,0,0,3.9,62
2026-09-13T08:45:00.000Z,3.3,74,-0.9,3.3,3.6,3.6,163,29.5,0,862.2,0,0,4.1,61
2026-09-13T09:00:00.000Z,1.9,79,-1.4,1.9,0,0,75,29.5,0,862.2,0,0,3.9,60
2026-09-13T09:15:00.000Z,1,83,-1.6,1,0,0,71,29.5,0,862.2,0,0,3.4,60
2026-09-13T09:30:00.000Z,0.2,84,-2.2,0.2,0,0,72,29.5,0,862.2,0,0,2.8,60
2026-09-13T09:45:00.000Z,0.8,86,-1.3,0.8,0,0,8,29.5,0,862.2,0,0,2.4,62
2026-09-13T10:00:00.000Z,0.6,86,-1.4,0.6,0,0,7,29.5,0,862.2,0,0,2,62
2026-09-13T10:15:00.000Z,-0.7,88,-2.4,-0.7,0,0,58,29.49,0,862.2,0,0,1.6,62
2026-09-13T10:30:00.000Z,-0.3,91,-1.6,-0.3,0,0,335,29.49,0,862.2,0.1,0,1.3,63
2026-09-13T10:45:00.000Z,-0.6,89,-2.2,-0.6,0,0,25,29.5,0,862.2,1.4,0,1.1,63
2026-09-13T11:00:00.000Z,0.2,89,-1.4,0.2,0,0,37,29.5,0,862.2,8,0,1.1,65
2026-09-13T11:15:00.000Z,0,89,-1.6,0,0,0,51,29.5,0,862.2,21.9,0,1.1,65
2026-09-13T11:30:00.000Z,2,83,-0.6,2,0,0,27,29.5,0,862.2,43.9,0,1.9,66
2026-09-13T11:45:00.000Z,3.5,76,-0.3,3.5,0,0,234,29.5,0,862.2,39.8,0,3.8,67
2026-09-13T12:00:00.000Z,5.5,70,0.4,5.5,0.4,1.8,77,29.5,0,862.2,81.4,0,6.3,64
2026-09-13T12:15:00.000Z,5.9,66,0.1,4.9,5.4,7.2,177,29.51,0,862.2,117.3,1,9,60
2026-09-13T12:30:00.000Z,6.3,64,0,5.2,6.1,7.2,210,29.51,0,862.2,159.2,1,10.8,54
2026-09-13T12:45:00.000Z,6.8,60,-0.4,5.2,7.9,9.4,205,29.51,0,862.2,203.8,1,12.2,50
2026-09-13T13:00:00.000Z,7.4,59,-0.1,7.4,4.7,5.4,174,29.51,0,862.2,247.2,2,13.3,46
2026-09-13T13:15:00.000Z,8,56,-0.2,7.3,5.4,5.4,220,29.51,0,862.2,290.2,2,14.5,44
2026-09-13T13:30:00.000Z,8.7,54,-0.1,8.7,4.3,5.4,229,29.52,0,862.2,336,3,15.8,42
2026-09-13T13:45:00.000Z,9.5,55,0.9,8.9,6.1,7.2,196,29.51,0,862.2,375.3,3,16.8,39
2026-09-13T14:00:00.000Z,10.8,52,1.3,10.8,0,0,32,29.51,0,862.2,413.2,4,17.9,38
2026-09-13T14:15:00.000Z,11.2,51,1.4,11.2,4,5.4,235,29.52,0,862.2,448.2,4,18.5,37
2026-09-13T14:30:00.000Z,11.4,51,1.6,11.4,8.3,11.2,278,29.52,0,862.2,482.9,4,19.2,36
2026-09-13T14:45:00.000Z,12.3,51,2.4,12.3,8.6,11.2,281,29.52,0,862.2,510.9,4,19.4,36
2026-09-13T15:00:00.000Z,12.1,53,2.8,12.1,3.6,5.4,309,29.52,0,862.2,553.4,5,19.6,35
2026-09-13T15:15:00.000Z,13.3,50,3.1,13.3,6.5,7.2,216,29.52,0,862.2,571.9,5,20.3,35
2026-09-13T15:30:00.000Z,14.2,46,2.8,14.2,1.4,1.8,119,29.52,0,862.2,590.1,5,21.2,34
2026-09-13T15:45:00.000Z,14.7,50,4.4,14.7,5.4,7.2,194,29.51,0,862.2,618.9,6,22.1,33
2026-09-13T16:00:00.000Z,15.6,42,2.8,15.6,0.7,1.8,14,29.52,0,862.2,633.2,6,23.7,33
2026-09-13T16:15:00.000Z,15.5,46,3.9,15.5,4,5.4,170,29.52,0,862.2,413.5,4,24.3,31
2026-09-13T16:30:00.000Z,15.8,44,3.6,15.8,6.5,7.2,196,29.52,0,862.2,409.3,3,24.5,30
2026-09-13T16:45:00.000Z,16.6,44,4.3,16.6,3.6,5.4,189,29.52,0,862.2,381,3,25,30
2026-09-13T17:00:00.000Z,16.7,45,4.7,16.7,7.2,9.4,174,29.51,0,862.2,462.9,4,25.3,30
2026-09-13T17:15:00.000Z,17.5,39,3.4,17.5,2.9,3.6,172,29.51,0,862.2,443.8,4,25.8,29
2026-09-13T17:30:00.000Z,17.7,42,4.7,17.7,6.5,7.2,221,29.51,0,862.2,664.7,6,25.8,29
2026-09-13T17:45:00.000Z,18.8,38,4.2,18.8,2.2,3.6,323,29.51,0,862.2,606.5,5,26.6,28
2026-09-13T18:00:00.000Z,18.8,40,4.9,18.8,4.3,5.4,203,29.5,0,862.2,533,5,27.1,28
2026-09-13T18:15:00.000Z,19.2,37,4.2,19.2,3.6,3.6,126,29.5,0,862.2,539.5,5,27.7,27
2026-09-13T18:30:00.000Z,19.1,41,5.6,19.1,9.7,13,188,29.49,0,862.2,553.7,5,27.8,26
2026-09-13T18:45:00.000Z,19.4,35,3.6,19.4,1.1,1.8,31,29.5,0,862.2,372.7,3,28.3,26
2026-09-13T19:00:00.000Z,19.4,37,4.3,19.4,4,7.2,332,29.5,0,862.2,429.8,4,28.1,26
2026-09-13T19:15:00.000Z,20.2,35,4.3,20.2,4,5.4,242,29.49,0,862.2,428.2,4,28.5,26
2026-09-13T19:30:00.000Z,21.3,35,5.2,21.3,0.4,1.8,357,29.49,0,862.2,424.5,4,29.1,25
2026-09-13T19:45:00.000Z,20.3,36,4.7,20.3,4.3,5.4,297,29.49,0,862.2,245.9,2,29.2,24
2026-09-13T20:00:00.000Z,20.8,35,4.8,20.8,1.1,1.8,127,29.49,0,862.2,215.5,2,28.8,24
2026-09-13T20:15:00.000Z,20,37,4.9,20,3.6,3.6,222,29.5,0,862.2,274.3,2,28.5,25
2026-09-13T20:30:00.000Z,20.5,38,5.7,20.5,1.8,1.8,153,29.49,0,862.2,118.1,1,28.2,25
2026-09-13T20:45:00.000Z,20.1,35,4.2,20.1,1.8,1.8,75,29.5,0,862.2,239,2,27.7,26
2026-09-13T21:00:00.000Z,20,36,4.5,20,2.9,3.6,99,29.49,0,862.2,173.5,1,27.9,26
2026-09-13T21:15:00.000Z,19.9,35,4,19.9,2.5,3.6,115,29.49,0,862.2,119.9,1,27.7,25
2026-09-13T21:30:00.000Z,18.9,36,3.5,18.9,2.2,3.6,67,29.49,0,862.2,91.4,0,26.4,26
2026-09-13T21:45:00.000Z,19.1,45,6.9,19.1,1.1,1.8,45,29.48,0,862.2,67.9,0,26.8,27
2026-09-13T22:00:00.000Z,19.2,37,4.2,19.2,2.5,3.6,62,29.48,0,862.2,38.3,0,26.2,29
2026-09-13T22:15:00.000Z,17.4,42,4.3,17.4,1.8,1.8,358,29.49,0,862.2,22.4,0,23.6,30
2026-09-13T22:30:00.000Z,16.2,50,5.8,16.2,1.8,1.8,330,29.48,0,862.2,7,0,21.2,32
2026-09-13T22:45:00.000Z,15,53,5.5,15,0.4,1.8,335,29.48,0,862.2,1.2,0,19,35
2026-09-13T23:00:00.000Z,13.8,58,5.7,13.8,0.4,1.8,333,29.48,0,862.2,0,0,17.3,37
2026-09-13T23:15:00.000Z,13.4,58,5.3,13.4,0,0,339,29.48,0,862.2,0,0,16,40
2026-09-13T23:30:00.000Z,12.7,59,4.9,12.7,0,0,339,29.49,0,862.2,0,0,14.7,42
2026-09-13T23:45:00.000Z,11.1,67,5.2,11.1,0,0,339,29.5,0,862.2,0,0,13.6,45
2026-09-14T00:00:00.000Z,10.5,71,5.4,10.5,0,0,341,29.5,0,862.2,0,0,12.7,47
2026-09-14T00:15:00.000Z,11.9,61,4.6,11.9,3.6,5.4,281,29.51,0,862.2,0,0,12.2,49
2026-09-14T00:30:00.000Z,13.6,57,5.3,13.6,1.1,1.8,165,29.51,0,862.2,0,0,12.9,48
2026-09-14T00:45:00.000Z,13,59,5.2,13,0,0,92,29.52,0,862.2,0,0,13.1,48
2026-09-14T01:00:00.000Z,12,64,5.4,12,1.1,1.8,88,29.53,0,862.2,0,0,12.9,49
2026-09-14T01:15:00.000Z,10.9,69,5.4,10.9,0,0,89,29.52,0,862.2,0,0,12.4,50
2026-09-14T01:30:00.000Z,10.2,72,5.4,10.2,0,0,88,29.53,0,862.2,0,0,11.7,51
2026-09-14T01:45:00.000Z,9.6,75,5.4,9.6,0.4,1.8,88,29.53,0,862.2,0,0,10.9,53
2026-09-14T02:00:00.000Z,9.1,76,5.1,9.1,0,0,88,29.52,0,862.2,0,0,10.4,53
2026-09-14T02:15:00.000Z,7.8,82,4.9,7.8,0,0,88,29.52,0,862.2,0,0,9.8,54
2026-09-14T02:30:00.000Z,7.4,85,5.1,7.4,0,0,74,29.52,0,862.2,0,0,9.1,56
2026-09-14T02:45:00.000Z,7.6,85,5.3,7.6,0,0,74,29.51,0,862.2,0,0,8.8,57
2026-09-14T03:00:00.000Z,7,85,4.7,7,1.1,1.8,73,29.52,0,862.2,0,0,8.4,58
2026-09-14T03:15:00.000Z,7.9,82,5,7.9,0,0,13,29.52,0,862.2,0,0,8.1,61
2026-09-14T03:30:00.000Z,6.9,84,4.4,6.9,0,0,76,29.51,0,862.2,0,0,7.9,61
2026-09-14T03:45:00.000Z,6.2,88,4.4,6.2,0,0,76,29.52,0,862.2,0,0,7.6,61
2026-09-14T04:00:00.000Z,5.5,89,3.8,5.5,0,0,76,29.52,0,862.2,0,0,7.3,60
2026-09-14T04:15:00.000Z,5.2,91,3.9,5.2,0,0,77,29.52,0,862.2,0,0,6.8,61
2026-09-14T04:30:00.000Z,4.6,92,3.4,4.6,0,0,77,29.51,0,862.2,0,0,6.5,62
2026-09-14T10:15:00.000Z,2.5,96,1.9,2.5,0,0,8,29.52,0,862.2,0,0,3.6,67
2026-09-14T10:30:00.000Z,2.2,96,1.7,2.2,0,0,8,29.53,0,862.2,0.1,0,3.4,67
2026-09-14T10:45:00.000Z,2.3,96,1.7,2.3,0,0,8,29.53,0,862.2,1.4,0,3.2,67
2026-09-14T11:00:00.000Z,2.7,96,2.2,2.7,0.4,1.8,81,29.53,0,862.2,6.5,0,3.3,68
2026-09-14T11:15:00.000Z,3.1,97,2.7,3.1,1.4,1.8,78,29.54,0,862.2,17.3,0,3.6,68
2026-09-14T11:30:00.000Z,4.3,95,3.6,4.3,0.4,1.8,64,29.54,0,862.2,28.7,0,4.4,70
2026-09-14T11:45:00.000Z,5.4,90,3.9,5.4,1.8,1.8,54,29.54,0,862.2,40.3,0,6,72
2026-09-14T12:00:00.000Z,6.5,85,4.2,6.5,1.4,1.8,91,29.56,0,862.2,51,0,8.1,72
2026-09-14T12:15:00.000Z,7.2,82,4.3,7.2,4.7,5.4,188,29.57,0,862.2,65.3,0,10.1,68
2026-09-14T12:30:00.000Z,7.8,80,4.6,6.9,6.1,7.2,184,29.57,0,862.2,91.2,0,12.1,65
2026-09-14T12:45:00.000Z,8.2,80,5,8.2,2.9,3.6,123,29.57,0,862.2,131.7,1,13.3,61
2026-09-14T13:00:00.000Z,8.4,79,4.9,7.6,6.1,9.4,186,29.58,0,862.2,205.9,2,14.1,58
2026-09-14T13:15:00.000Z,9.4,77,5.6,8.3,7.9,9.4,180,29.58,0,862.2,288.4,2,15,56
2026-09-14T13:30:00.000Z,10.4,74,5.9,10.4,5,7.2,146,29.58,0,862.2,332,3,16.4,54
2026-09-14T13:45:00.000Z,11.4,72,6.5,11.4,6.1,7.2,170,29.57,0,862.2,377.1,3,17.7,51
2026-09-14T14:00:00.000Z,12,67,6.1,12,5.8,7.2,189,29.58,0,862.2,414.4,4,18.9,49
2026-09-14T14:15:00.000Z,12.7,65,6.3,12.7,3.6,5.4,163,29.58,0,862.2,448.8,4,19.8,47
2026-09-14T14:30:00.000Z,13.5,64,6.8,13.5,2.5,3.6,168,29.57,0,862.2,481.1,4,20.8,45
2026-09-14T14:45:00.000Z,14.4,60,6.7,14.4,6.5,7.2,191,29.58,0,862.2,508.9,4,21.6,43
2026-09-14T15:00:00.000Z,15.1,60,7.4,15.1,1.8,1.8,224,29.57,0,862.2,539.8,5,22.3,41
2026-09-14T15:15:00.000Z,15.7,54,6.4,15.7,4,5.4,228,29.57,0,862.2,566.5,5,22.7,40
2026-09-14T15:30:00.000Z,16.4,54,7.1,16.4,5.4,7.2,249,29.57,0,862.2,585.6,5,23.5,39
2026-09-14T15:45:00.000Z,17,54,7.6,17,8.6,9.4,204,29.57,0,862.2,602,5,24.2,38
2026-09-14T16:00:00.000Z,17.8,51,7.5,17.8,7.2,7.2,170,29.56,0,862.2,614.5,5,24.6,37
2026-09-14T16:15:00.000Z,17.7,54,8.3,17.7,7.9,11.2,159,29.56,0,862.2,623.9,6,25,36
2026-09-14T16:30:00.000Z,18.3,54,8.8,18.3,6.8,13,216,29.56,0,862.2,629.1,6,25.7,36
2026-09-14T16:45:00.000Z,18.7,51,8.4,18.7,8.3,11.2,184,29.54,0,862.2,629.5,6,26.3,35
2026-09-14T17:00:00.000Z,19.5,55,10.2,19.5,2.9,3.6,246,29.54,0,862.2,629.3,6,26.9,35
2026-09-14T17:15:00.000Z,19.8,52,9.7,19.8,8.6,11.2,163,29.55,0,862.2,623.2,6,27.2,33
2026-09-14T17:30:00.000Z,20,47,8.3,20,7.9,11.2,171,29.54,0,862.2,614.4,5,27.6,33
2026-09-14T17:45:00.000Z,20.5,45,8.2,20.5,9,11.2,215,29.53,0,862.2,603.9,5,27.9,32
2026-09-14T18:00:00.000Z,20.7,43,7.7,20.7,8.6,11.2,220,29.52,0,862.2,587.8,5,28.1,30
2026-09-14T18:15:00.000Z,21.5,42,8.1,21.5,6.8,9.4,192,29.52,0,862.2,565.2,5,28.7,31
2026-09-14T18:30:00.000Z,21.6,42,8.2,21.6,7.9,11.2,220,29.52,0,862.2,542.3,5,29.1,29
2026-09-14T18:45:00.000Z,21.6,39,7.1,21.6,11.9,14.8,189,29.52,0,862.2,512.2,4,29.1,29
2026-09-14T19:00:00.000Z,21.8,41,7.9,21.8,5.8,7.2,176,29.52,0,862.2,483.9,4,29,29
2026-09-14T19:15:00.000Z,21.9,42,8.4,21.9,6.5,7.2,195,29.51,0,862.2,452,4,28.9,30
2026-09-14T19:30:00.000Z,22.3,39,7.7,22.3,8.6,11.2,185,29.51,0,862.2,418.4,4,29,29
2026-09-14T19:45:00.000Z,22.3,40,8.1,22.3,6.1,9.4,207,29.5,0,862.2,378,3,28.9,30
2026-09-14T20:00:00.000Z,22.4,40,8.2,22.4,7.2,11.2,203,29.51,0,862.2,333.1,3,29,29
2026-09-14T20:15:00.000Z,22.7,39,8.1,22.7,14.4,18.4,190,29.51,0,862.2,291.2,2,29,28
2026-09-14T20:30:00.000Z,22.4,39,7.8,22.4,8.6,11.2,185,29.51,0,862.2,246.3,2,28.8,28
2026-09-14T20:45:00.000Z,22.4,41,8.5,22.4,8.6,9.4,171,29.51,0,862.2,205.3,2,29,29
2026-09-14T21:00:00.000Z,22.2,39,7.6,22.2,7.2,9.4,172,29.51,0,862.2,161.4,1,28.9,28
2026-09-14T21:15:00.000Z,21.8,37,6.4,21.8,16.2,18.4,183,29.51,0,862.2,122.8,1,28.7,27
2026-09-14T21:30:00.000Z,21.5,38,6.6,21.5,7.2,9.4,188,29.52,0,862.2,74.1,0,28.3,27
2026-09-14T21:45:00.000Z,21.3,38,6.4,21.3,5.4,5.4,148,29.52,0,862.2,58.8,0,28,27
2026-09-14T22:00:00.000Z,20.8,40,6.7,20.8,10.8,13,196,29.52,0,862.2,42.2,0,27.7,27
2026-09-14T22:15:00.000Z,19.9,44,7.3,19.9,4.7,5.4,161,29.52,0,862.2,15.4,0,25.7,29
2026-09-14T22:30:00.000Z,19.1,45,6.9,19.1,5.8,7.2,183,29.51,0,862.2,6.2,0,23.6,31
2026-09-14T22:45:00.000Z,17.9,48,6.7,17.9,3.6,5.4,185,29.52,0,862.2,1.2,0,22,33
2026-09-14T23:00:00.000Z,17.8,47,6.3,17.8,5.4,7.2,196,29.51,0,862.2,0,0,20.6,35
2026-09-14T23:15:00.000Z,17.7,48,6.6,17.7,3.2,3.6,211,29.52,0,862.2,0,0,19.8,36
2026-09-14T23:30:00.000Z,16.7,52,6.8,16.7,2.5,3.6,174,29.52,0,862.2,0,0,19.1,38
2026-09-14T23:45:00.000Z,16.3,53,6.7,16.3,1.8,1.8,167,29.52,0,862.2,0,0,18.5,39
2026-09-15T00:00:00.000Z,15.8,55,6.8,15.8,1.1,1.8,196,29.52,0,862.2,0,0,17.8,41
2026-09-15T00:15:00.000Z,15.2,56,6.5,15.2,1.1,1.8,214,29.52,0,862.2,0,0,17.2,42
2026-09-15T00:30:00.000Z,14.9,58,6.7,14.9,2.9,3.6,305,29.52,0,862.2,0,0,16.5,43
2026-09-15T00:45:00.000Z,14.9,58,6.7,14.9,0,0,202,29.5,0,862.2,0,0,16,44
2026-09-15T01:00:00.000Z,15,57,6.6,15,0.4,1.8,202,29.5,0,862.2,0,0,15.8,45
2026-09-15T01:15:00.000Z,14.7,57,6.3,14.7,3.6,5.4,192,29.5,0,862.2,0,0,15.7,46
2026-09-15T01:30:00.000Z,14.4,58,6.2,14.4,3.6,3.6,207,29.51,0,862.2,0,0,15.5,46
2026-09-15T01:45:00.000Z,14,59,6.1,14,1.8,3.6,187,29.52,0,862.2,0,0,15.4,47
2026-09-15T02:00:00.000Z,13.8,59,5.9,13.8,5.4,5.4,194,29.52,0,862.2,0,0,15.2,47
2026-09-15T02:15:00.000Z,13.3,63,6.4,13.3,4,5.4,193,29.53,0,862.2,0,0,15.1,48
2026-09-15T02:30:00.000Z,12.9,63,6,12.9,8.6,9.4,203,29.53,0,862.2,0,0,14.8,49
2026-09-15T02:45:00.000Z,12.8,64,6.2,12.8,5.8,7.2,173,29.54,0,862.2,0,0,14.6,50
2026-09-15T03:00:00.000Z,13.1,63,6.2,13.1,7.9,13,188,29.52,0,862.2,0,0,14.5,50
2026-09-15T03:15:00.000Z,13,63,6.1,13,10.8,16.6,189,29.53,0,862.2,0,0,14.5,50
2026-09-15T03:30:00.000Z,12.8,64,6.2,12.8,5,7.2,172,29.52,0,862.2,0,0,14.6,50
2026-09-15T03:45:00.000Z,12.7,64,6.1,12.7,5,5.4,167,29.52,0,862.2,0,0,14.5,50
2026-09-15T04:00:00.000Z,12.1,66,5.9,12.1,7.9,9.4,188,29.52,0,862.2,0,0,14.2,51
2026-09-15T04:15:00.000Z,11.7,68,6,11.7,4.3,5.4,186,29.52,0,862.2,0,0,13.8,52
2026-09-15T04:30:00.000Z,11.6,68,5.9,11.6,5.8,7.2,178,29.51,0,862.2,0,0,13.5,52
2026-09-15T04:45:00.000Z,11.2,70,5.9,11.2,2.2,3.6,208,29.51,0,862.2,0,0,13.2,53
2026-09-15T05:00:00.000Z,11.2,71,6.2,11.2,3.6,3.6,228,29.51,0,862.2,0,0,13,54
2026-09-15T05:15:00.000Z,10.9,72,6.1,10.9,1.8,3.6,163,29.51,0,862.2,0,0,12.8,55
2026-09-15T05:30:00.000Z,10.6,73,6,10.6,5,7.2,192,29.51,0,862.2,0,0,12.6,56
2026-09-15T05:45:00.000Z,10.4,74,5.9,10.4,5,7.2,200,29.5,0,862.2,0,0,12.3,56
2026-09-15T06:00:00.000Z,10,75,5.8,9.7,5,7.2,201,29.5,0,862.2,0,0,12.1,57
2026-09-15T06:15:00.000Z,9.7,76,5.7,9.7,1.4,1.8,163,29.49,0,862.2,0,0,11.9,57
2026-09-15T06:30:00.000Z,9.5,77,5.7,9.5,3.6,3.6,196,29.48,0,862.2,0,0,11.7,58
2026-09-15T06:45:00.000Z,9.2,78,5.6,9.2,2.2,3.6,184,29.48,0,862.2,0,0,11.4,58
2026-09-15T07:00:00.000Z,9.1,79,5.7,9.1,2.2,3.6,173,29.48,0,862.2,0,0,11.1,59
2026-09-15T07:15:00.000Z,8.8,80,5.5,8.8,2.9,3.6,210,29.46,0,862.2,0,0,10.9,59
2026-09-15T07:30:00.000Z,8.6,81,5.6,8.6,1.4,1.8,232,29.45,0,862.2,0,0,10.7,60
2026-09-15T07:45:00.000Z,8.4,81,5.3,8.4,1.1,1.8,0,29.45,0,862.2,0,0,10.5,61
2026-09-15T08:00:00.000Z,8.4,82,5.5,8.4,1.1,1.8,184,29.45,0,862.2,0,0,10.3,61
2026-09-15T08:15:00.000Z,8.3,82,5.4,8.3,1.1,1.8,219,29.44,0,862.2,0,0,10.2,62
2026-09-15T08:30:00.000Z,8.3,82,5.4,8.3,2.9,3.6,188,29.44,0,862.2,0,0,10.1,62
2026-09-15T08:45:00.000Z,8.1,82,5.2,8.1,0.4,1.8,200,29.44,0,862.2,0,0,10,63
2026-09-15T09:00:00.000Z,7.9,83,5.2,7.9,2.5,3.6,155,29.44,0,862.2,0,0,9.8,63
2026-09-15T09:15:00.000Z,7.5,85,5.2,7.5,0.4,1.8,185,29.44,0,862.2,0,0,9.6,63
2026-09-15T09:30:00.000Z,7.3,85,4.9,7.3,1.4,1.8,165,29.43,0,862.2,0,0,9.4,63
2026-09-15T09:45:00.000Z,7.3,86,5.1,7.3,0.4,1.8,153,29.44,0,862.2,0,0,9.2,64
2026-09-15T10:00:00.000Z,7.2,86,5.1,7.2,3.6,5.4,180,29.44,0,862.2,0,0,9.1,64
2026-09-15T10:15:00.000Z,6.2,87,4.2,6.2,0,0,75,29.44,0,862.2,0,0,8.8,64
2026-09-15T10:30:00.000Z,5.3,90,3.8,5.3,0,0,107,29.43,0,862.2,0.1,0,7.9,62
2026-09-15T10:45:00.000Z,5.7,91,4.4,5.7,0,0,120,29.43,0,862.2,1.9,0,7.5,64
2026-09-15T11:00:00.000Z,5,92,3.8,5,0,0,87,29.43,0,862.2,8.5,0,7.2,64
2026-09-15T11:15:00.000Z,6.1,93,5.1,6.1,0,0,111,29.44,0,862.2,20.3,0,7.1,66
2026-09-15T11:30:00.000Z,7.5,87,5.5,7.5,2.9,3.6,213,29.43,0,862.2,34.2,0,8.3,69
2026-09-15T11:45:00.000Z,8.3,84,5.7,8.3,4.7,5.4,213,29.43,0,862.2,42.2,0,10.1,68
2026-09-15T12:00:00.000Z,8.7,83,6,7.9,6.1,7.2,169,29.43,0,862.2,87.8,0,12,65
2026-09-15T12:15:00.000Z,9.3,81,6.2,9.3,2.9,3.6,173,29.43,0,862.2,124.8,1,13.5,62
2026-09-15T12:30:00.000Z,9.4,80,6.1,8.4,7.6,9.4,191,29.43,0,862.2,167.7,1,14.8,59
2026-09-15T12:45:00.000Z,9.9,78,6.2,9.2,6.5,7.2,198,29.43,0,862.2,209,2,16,56
2026-09-15T13:00:00.000Z,10.3,79,6.8,10.3,2.2,3.6,197,29.43,0,862.2,254.1,2,17.1,54
2026-09-15T13:15:00.000Z,10.9,75,6.6,10.9,4,5.4,203,29.43,0,862.2,297.2,2,18,51
2026-09-15T13:30:00.000Z,11.5,74,7.1,11.5,7.2,9.4,187,29.42,0,862.2,340.8,3,19,49
2026-09-15T13:45:00.000Z,12.4,72,7.5,12.4,4.7,5.4,168,29.43,0,862.2,379.9,3,19.8,47
2026-09-15T14:00:00.000Z,12.8,70,7.4,12.8,4.3,5.4,163,29.43,0,862.2,416.7,4,20.5,46
2026-09-15T14:15:00.000Z,13.4,69,7.8,13.4,3.6,5.4,344,29.42,0,862.2,454.4,4,21,44
2026-09-15T14:30:00.000Z,14,67,8,14,4,5.4,182,29.43,0,862.2,486.5,4,21.4,44
2026-09-15T14:45:00.000Z,14.7,65,8.2,14.7,7.2,9.4,222,29.42,0,862.2,518,5,22.1,43
2026-09-15T15:00:00.000Z,15.2,68,9.3,15.2,5.8,9.4,195,29.41,0,862.2,544.3,5,22.5,42
2026-09-15T15:15:00.000Z,15.8,65,9.2,15.8,4,5.4,193,29.42,0,862.2,568.2,5,23,42
2026-09-15T15:30:00.000Z,16.2,62,8.9,16.2,5.4,5.4,226,29.41,0,862.2,590.6,5,23.4,41
2026-09-15T15:45:00.000Z,16.9,62,9.6,16.9,5,9.4,185,29.41,0,862.2,607.9,5,24,40
2026-09-15T16:00:00.000Z,17.8,60,9.9,17.8,4.7,5.4,180,29.41,0,862.2,621,6,24.8,40
2026-09-15T16:15:00.000Z,18.2,58,9.8,18.2,2.9,3.6,274,29.41,0,862.2,626.9,6,25.5,38
2026-09-15T16:30:00.000Z,19.2,54,9.7,19.2,6.1,9.4,197,29.4,0,862.2,635.9,6,26.5,37
2026-09-15T16:45:00.000Z,19.6,54,10.1,19.6,6.5,9.4,223,29.4,0,862.2,636.7,6,27.3,36
2026-09-15T17:00:00.000Z,20.5,52,10.3,20.5,8.6,9.4,185,29.39,0,862.2,608.5,5,28.2,35
2026-09-15T17:15:00.000Z,21,49,9.9,21,5.4,7.2,169,29.39,0,862.2,623.5,6,29.1,33
2026-09-15T17:30:00.000Z,21.5,48,10.1,21.5,6.1,7.2,218,29.39,0,862.2,630.6,6,29.8,33
2026-09-15T17:45:00.000Z,21.8,49,10.6,21.8,3.2,3.6,169,29.38,0,862.2,584.2,5,30.2,32
2026-09-15T18:00:00.000Z,22.2,50,11.3,22.2,6.1,7.2,207,29.38,0,862.2,558.4,5,30.6,32
2026-09-15T18:15:00.000Z,22.5,46,10.3,22.5,2.5,3.6,243,29.36,0,862.2,561.5,5,30.9,31
2026-09-15T18:30:00.000Z,23.1,46,10.9,23.1,2.2,3.6,133,29.37,0,862.2,493.2,4,31.4,31
2026-09-15T18:45:00.000Z,22.9,47,11,22.9,2.2,3.6,167,29.36,0,862.2,454.6,4,31.4,30
2026-09-15T19:00:00.000Z,22.8,44,9.9,22.8,3.2,3.6,136,29.36,0,862.2,413.3,4,30.9,29
2026-09-15T19:15:00.000Z,23.7,40,9.3,23.7,6.1,7.2,135,29.34,0,862.2,418.6,4,31.1,29
2026-09-15T19:30:00.000Z,24.7,36,8.7,24.7,1.4,1.8,209,29.34,0,862.2,424.6,4,31.4,28
2026-09-15T19:45:00.000Z,24.7,38,9.4,24.7,4.7,7.2,260,29.35,0,862.2,395.1,3,31.9,27
2026-09-15T20:00:00.000Z,24.4,39,9.6,24.4,8.3,9.4,248,29.34,0,862.2,351.3,3,32.2,28
2026-09-15T20:15:00.000Z,24.1,41,10.1,24.1,1.8,1.8,276,29.35,0,862.2,251.3,2,31.8,27
2026-09-15T20:30:00.000Z,24.1,41,10.1,24.1,5.4,9.4,252,29.36,0,862.2,206.5,2,31.5,28
2026-09-15T20:45:00.000Z,24.3,44,11.3,24.3,2.2,3.6,302,29.36,0,862.2,231.5,2,31.3,28
2026-09-15T21:00:00.000Z,24.2,41,10.2,24.2,4.7,7.2,222,29.36,0,862.2,177.7,1,31.9,27
2026-09-15T21:15:00.000Z,24.3,40,9.8,24.3,1.1,1.8,11,29.36,0,862.2,116.7,1,31.8,27
2026-09-15T21:30:00.000Z,24.3,40,9.8,24.3,2.9,3.6,286,29.36,0,862.2,92.9,0,31.7,27
2026-09-15T21:45:00.000Z,23.8,40,9.4,23.8,0.4,1.8,299,29.36,0,862.2,54.4,0,30.9,27
2026-09-15T22:00:00.000Z,22.9,41,8.9,22.9,0.4,1.8,351,29.37,0,862.2,30.7,0,29.2,28
2026-09-15T22:15:00.000Z,22,42,8.5,22,0,0,15,29.38,0,862.2,22.9,0,27.2,29
2026-09-15T22:30:00.000Z,20.7,47,9,20.7,0,0,35,29.37,0,862.2,9.8,0,25.3,33
2026-09-15T22:45:00.000Z,18.6,57,9.9,18.6,0,0,35,29.37,0,862.2,1.6,0,23.2,37
2026-09-15T23:00:00.000Z,17.1,62,9.8,17.1,0,0,35,29.37,0,862.2,0.1,0,21,40
2026-09-15T23:15:00.000Z,17.3,61,9.7,17.3,0,0,34,29.37,0,862.2,0,0,19.6,42
2026-09-15T23:30:00.000Z,16.9,63,9.8,16.9,2.2,3.6,344,29.38,0,862.2,0,0,18.5,45
2026-09-15T23:45:00.000Z,16.7,65,10.1,16.7,1.4,1.8,354,29.38,0,862.2,0,0,18,47
2026-09-16T00:00:00.000Z,16.1,68,10.2,16.1,1.1,1.8,353,29.39,0,862.2,0,0,17.5,49
2026-09-16T00:15:00.000Z,15.4,71,10.2,15.4,1.1,1.8,353,29.39,0,862.2,0,0,17,50
2026-09-16T00:30:00.000Z,14.8,73,10,14.8,0,0,342,29.39,0,862.2,0,0,16.4,51
2026-09-16T00:45:00.000Z,13.7,78,9.9,13.7,0,0,342,29.39,0,862.2,0,0,15.5,52
2026-09-16T01:00:00.000Z,12.8,79,9.2,12.8,4,5.4,76,29.4,0,862.2,0,0,14.6,54
2026-09-16T01:15:00.000Z,11.6,84,9,11.6,0.4,1.8,50,29.41,0,862.2,0,0,13.7,56
2026-09-16T01:30:00.000Z,10.7,85,8.3,10.7,0,0,50,29.41,0,862.2,0,0,13,57
2026-09-16T01:45:00.000Z,10.3,88,8.4,10.3,0,0,50,29.41,0,862.2,0,0,12.4,58
2026-09-16T02:00:00.000Z,9.8,90,8.2,9.8,0,0,28,29.41,0,862.2,0,0,11.8,60
2026-09-16T02:15:00.000Z,10.2,89,8.5,10.2,0,0,44,29.41,0,862.2,0,0,11.3,61
2026-09-16T02:30:00.000Z,10.7,87,8.7,10.7,0,0,357,29.41,0,862.2,0,0,11.2,62
2026-09-16T02:45:00.000Z,10.9,84,8.3,10.9,0,0,7,29.41,0,862.2,0,0,11.1,63
2026-09-16T03:00:00.000Z,10,86,7.8,10,0,0,46,29.41,0,862.2,0,0,10.8,63
2026-09-16T03:15:00.000Z,8.7,88,6.8,8.7,0,0,52,29.42,0,862.2,0,0,10.5,63
2026-09-16T03:30:00.000Z,8.6,91,7.2,8.6,0,0,61,29.41,0,862.2,0,0,10.2,64
2026-09-16T03:45:00.000Z,8.5,92,7.3,8.5,0,0,61,29.41,0,862.2,0,0,10.1,65
2026-09-16T04:00:00.000Z,8.3,93,7.2,8.3,0,0,61,29.41,0,862.2,0,0,9.8,65
2026-09-16T04:15:00.000Z,8.4,94,7.5,8.4,0,0,60,29.41,0,862.2,0,0,9.5,65
2026-09-16T04:30:00.000Z,8.2,92,7,8.2,0,0,60,29.4,0,862.2,0,0,9.4,66
2026-09-16T04:45:00.000Z,8.7,94,7.8,8.7,0,0,60,29.4,0,862.2,0,0,9.3,66
2026-09-16T05:00:00.000Z,8,94,7.1,8,0,0,42,29.4,0,862.2,0,0,9.2,66
2026-09-16T05:15:00.000Z,8.1,94,7.2,8.1,0,0,60,29.42,0,862.2,0,0,9.2,67
2026-09-16T05:30:00.000Z,6.8,94,5.9,6.8,0,0,60,29.41,0,862.2,0,0,8.8,66
2026-09-16T05:45:00.000Z,7.1,95,6.4,7.1,0,0,60,29.41,0,862.2,0,0,8.4,66
2026-09-16T06:00:00.000Z,7.5,96,6.9,7.5,0,0,60,29.42,0,862.2,0,0,8.1,66
2026-09-16T06:15:00.000Z,6.9,95,6.2,6.9,1.8,1.8,51,29.43,0,862.2,0,0,8.2,67
2026-09-16T06:30:00.000Z,7.1,96,6.5,7.1,0,0,65,29.42,0,862.2,0,0,8.3,68
2026-09-16T06:45:00.000Z,6.4,96,5.8,6.4,0,0,65,29.42,0,862.2,0,0,8.3,68
2026-09-16T07:00:00.000Z,6.5,96,5.9,6.5,0,0,65,29.41,0,862.2,0,0,8.3,69
2026-09-16T07:15:00.000Z,7.6,97,7.2,7.6,0,0,43,29.42,0,862.2,0,0,8.4,69
2026-09-16T07:30:00.000Z,7.5,97,7.1,7.5,0,0,42,29.42,0,862.2,0,0,8.4,69
2026-09-16T07:45:00.000Z,6.5,97,6.1,6.5,0,0,52,29.42,0,862.2,0,0,8.2,69
2026-09-16T08:00:00.000Z,6.8,97,6.3,6.8,0,0,38,29.41,0,862.2,0,0,8.1,69
2026-09-16T08:15:00.000Z,6.9,97,6.4,6.9,0,0,13,29.4,0,862.2,0,0,8,70
2026-09-16T08:30:00.000Z,7.6,97,7.2,7.6,1.8,1.8,321,29.41,0,862.2,0,0,8.3,72
2026-09-16T08:45:00.000Z,7.4,97,6.9,7.4,0,0,358,29.42,0,862.2,0,0,8.4,71
2026-09-16T09:00:00.000Z,7,97,6.6,7,0,0,358,29.41,0,862.2,0,0,8.4,71
2026-09-16T09:15:00.000Z,6.6,97,6.2,6.6,0,0,359,29.41,0,862.2,0,0,8.1,70
2026-09-16T09:30:00.000Z,5.7,97,5.3,5.7,0,0,0,29.42,0,862.2,0,0,7.7,69
2026-09-16T09:45:00.000Z,5.6,97,5.2,5.6,1.8,1.8,194,29.43,0,862.2,0,0,7.4,69
2026-09-16T10:00:00.000Z,6.6,97,6.2,6.6,1.8,1.8,152,29.44,0,862.2,0,0,7.5,70
2026-09-16T10:15:00.000Z,5.8,97,5.3,5.8,0,0,196,29.44,0,862.2,0,0,7.4,70
2026-09-16T10:30:00.000Z,4.7,97,4.3,4.7,0,0,154,29.45,0,862.2,0.1,0,6.9,69
2026-09-16T10:45:00.000Z,4.4,97,3.9,4.4,0,0,153,29.45,0,862.2,2.1,0,6.3,68
2026-09-16T11:00:00.000Z,4.2,97,3.8,4.2,0,0,153,29.46,0,862.2,9.1,0,6,69
2026-09-16T11:15:00.000Z,5.2,97,4.8,5.2,0,0,153,29.46,0,862.2,20,0,6.1,70
2026-09-16T11:30:00.000Z,7.6,98,7.3,7.6,0,0,154,29.46,0,862.2,31.8,0,6.9,72
2026-09-16T11:45:00.000Z,8.7,97,8.3,8.7,0,0,153,29.46,0,862.2,41.4,0,8.6,74
2026-09-16T12:00:00.000Z,10.5,97,10.1,10.5,0,0,153,29.47,0,862.2,54.4,0,10.7,75
2026-09-16T12:15:00.000Z,11.1,89,9.4,11.1,0,0,153,29.48,0,862.2,73.1,0,13.2,72
2026-09-16T12:30:00.000Z,11.2,85,8.8,11.2,2.2,3.6,173,29.47,0,862.2,92.9,0,15.5,68
2026-09-16T12:45:00.000Z,11.6,83,8.8,11.6,1.4,1.8,79,29.48,0,862.2,132.9,1,17.1,63
2026-09-16T13:00:00.000Z,13.9,76,9.7,13.9,2.2,3.6,326,29.49,0,862.2,174.9,1,18.8,59
2026-09-16T13:15:00.000Z,13.7,75,9.4,13.7,3.2,3.6,9,29.5,0,862.2,227.6,2,20,55
2026-09-16T13:30:00.000Z,14,76,9.8,14,2.5,3.6,187,29.5,0,862.2,294.6,2,21.1,52
2026-09-16T13:45:00.000Z,14.1,74,9.6,14.1,2.9,3.6,250,29.49,0,862.2,368,3,21.8,50
2026-09-16T14:00:00.000Z,14.4,75,10,14.4,1.1,1.8,234,29.5,0,862.2,421.1,4,22,49
2026-09-16T14:15:00.000Z,14.8,73,10,14.8,5.4,7.2,275,29.5,0,862.2,458,4,22.4,47
2026-09-16T14:30:00.000Z,15.3,73,10.5,15.3,5,7.2,215,29.51,0,862.2,488.8,4,22.7,47
2026-09-16T14:45:00.000Z,15.9,71,10.7,15.9,6.1,7.2,253,29.51,0,862.2,514.9,5,23,47
2026-09-16T15:00:00.000Z,16,70,10.6,16,3.6,3.6,198,29.5,0,862.2,543.6,5,23.4,45
2026-09-16T15:15:00.000Z,17,70,11.5,17,4,5.4,201,29.5,0,862.2,565.8,5,24,45
2026-09-16T15:30:00.000Z,17.5,67,11.3,17.5,1.1,1.8,114,29.5,0,862.2,584.7,5,24.7,43
2026-09-16T15:45:00.000Z,18.2,67,12,18.2,3.2,5.4,279,29.5,0,862.2,600.6,5,25.6,42
2026-09-16T16:00:00.000Z,18.4,66,11.9,18.4,1.1,1.8,359,29.5,0,862.2,610.7,5,26.2,41
2026-09-16T16:15:00.000Z,19,62,11.6,19,5,5.4,187,29.5,0,862.2,618.8,6,26.8,40
2026-09-16T16:30:00.000Z,19.2,61,11.5,19.2,3.6,5.4,184,29.5,0,862.2,625,6,27.3,39
2026-09-16T16:45:00.000Z,19.8,59,11.6,19.8,1.8,1.8,328,29.5,0,862.2,625.6,6,27.7,39
2026-09-16T17:00:00.000Z,20.1,59,11.8,20.1,2.9,3.6,168,29.5,0,862.2,620.6,6,28.2,38
2026-09-16T17:15:00.000Z,20.6,53,10.7,20.6,6.1,7.2,171,29.5,0,862.2,620.2,6,28.3,37
2026-09-16T17:30:00.000Z,20.9,55,11.5,20.9,4,5.4,205,29.5,0,862.2,610.7,5,28.9,36
2026-09-16T17:45:00.000Z,21.6,53,11.6,21.6,5.4,7.2,201,29.49,0,862.2,598,5,29.3,35
2026-09-16T18:00:00.000Z,21.8,49,10.6,21.8,3.6,3.6,248,29.49,0,862.2,582.1,5,29.8,34
2026-09-16T18:15:00.000Z,22.1,51,11.5,22.1,4,5.4,272,29.49,0,862.2,560.8,5,30,33
2026-09-16T18:30:00.000Z,22.7,47,10.8,22.7,1.1,1.8,243,29.48,0,862.2,528.8,5,30.5,32
2026-09-16T18:45:00.000Z,22.6,47,10.7,22.6,6.1,7.2,146,29.48,0,862.2,508.9,4,30.6,31
2026-09-16T19:00:00.000Z,22.8,40,8.5,22.8,9.4,11.2,192,29.48,0,862.2,481.7,4,30.4,30
2026-09-16T19:15:00.000Z,22.6,42,9.1,22.6,7.9,11.2,179,29.48,0,862.2,445.5,4,30.2,30
2026-09-16T19:30:00.000Z,22.7,43,9.5,22.7,7.2,9.4,225,29.48,0,862.2,412.6,4,30.1,29
2026-09-16T19:45:00.000Z,23,39,8.3,23,6.5,9.4,174,29.48,0,862.2,378,3,30,29
2026-09-16T20:00:00.000Z,23,38,7.9,23,6.8,11.2,205,29.48,0,862.2,337.3,3,30,28
2026-09-16T20:15:00.000Z,23.4,40,9.1,23.4,6.1,7.2,173,29.48,0,862.2,296.1,2,30.3,29
2026-09-16T20:30:00.000Z,22.7,38,7.7,22.7,7.9,9.4,228,29.48,0,862.2,247.5,2,30,28
2026-09-16T20:45:00.000Z,23.1,41,9.2,23.1,3.6,3.6,178,29.48,0,862.2,204.8,1,30.2,28
2026-09-16T21:00:00.000Z,22.7,40,8.4,22.7,4.3,5.4,193,29.48,0,862.2,160.6,1,30.4,28
2026-09-16T21:15:00.000Z,22.5,44,9.7,22.5,0.7,1.8,102,29.48,0,862.2,122.2,1,30.3,28
2026-09-16T21:30:00.000Z,22.1,41,8.3,22.1,6.8,9.4,171,29.48,0,862.2,86.6,0,30.1,28
2026-09-16T21:45:00.000Z,21.8,42,8.3,21.8,8.6,9.4,206,29.48,0,862.2,56.1,0,29.7,28
2026-09-16T22:00:00.000Z,21.4,44,8.7,21.4,4.7,5.4,178,29.48,0,862.2,32.8,0,28.9,28
2026-09-16T22:15:00.000Z,20.7,45,8.4,20.7,4.3,5.4,190,29.49,0,862.2,19.8,0,27.3,29
2026-09-16T22:30:00.000Z,19.6,48,8.3,19.6,0.4,1.8,120,29.48,0,862.2,9.3,0,25,31
2026-09-16T22:45:00.000Z,18.1,53,8.4,18.1,0,0,133,29.48,0,862.2,1.7,0,22.9,35
2026-09-16T23:00:00.000Z,16.8,56,7.9,16.8,0,0,133,29.48,0,862.2,0.1,0,20.7,38
2026-09-16T23:15:00.000Z,14.8,63,7.8,14.8,0.4,1.8,134,29.48,0,862.2,0,0,18.8,41
2026-09-16T23:30:00.000Z,17.4,56,8.6,17.4,1.4,1.8,178,29.48,0,862.2,0,0,17.9,43
2026-09-16T23:45:00.000Z,17.6,56,8.7,17.6,0.4,1.8,137,29.49,0,862.2,0,0,18.1,45
2026-09-17T00:00:00.000Z,17.2,57,8.6,17.2,2.9,3.6,255,29.49,0,862.2,0,0,18,45
2026-09-17T00:15:00.000Z,16.7,58,8.4,16.7,1.4,1.8,190,29.49,0,862.2,0,0,17.8,46
2026-09-17T00:30:00.000Z,16.5,59,8.4,16.5,3.2,5.4,80,29.49,0,862.2,0,0,17.6,46
2026-09-17T00:45:00.000Z,15.8,61,8.3,15.8,1.4,1.8,166,29.5,0,862.2,0,0,17.2,47
2026-09-17T01:00:00.000Z,14.6,66,8.3,14.6,1.4,1.8,110,29.5,0,862.2,0,0,16.7,48
2026-09-17T01:15:00.000Z,14.6,66,8.3,14.6,0,0,76,29.5,0,862.2,0,0,16.1,49
2026-09-17T01:30:00.000Z,14.1,68,8.3,14.1,0.4,1.8,352,29.5,0,862.2,0,0,15.5,51
2026-09-17T01:45:00.000Z,13.9,67,7.9,13.9,2.2,3.6,330,29.5,0,862.2,0,0,15.3,52
2026-09-17T02:00:00.000Z,13.7,68,7.9,13.7,2.5,3.6,320,29.5,0,862.2,0,0,15.1,52
2026-09-17T02:15:00.000Z,13.3,70,7.9,13.3,0,0,332,29.49,0,862.2,0,0,14.8,53
2026-09-17T02:30:00.000Z,12.7,73,8,12.7,0,0,329,29.48,0,862.2,0,0,14.4,54
2026-09-17T02:45:00.000Z,12.3,74,7.8,12.3,0,0,331,29.48,0,862.2,0,0,14.1,55
2026-09-17T03:00:00.000Z,11.7,75,7.4,11.7,2.5,3.6,325,29.49,0,862.2,0,0,13.6,56
2026-09-17T03:15:00.000Z,12,74,7.5,12,1.8,3.6,326,29.49,0,862.2,0,0,13.5,56
2026-09-17T03:30:00.000Z,11.8,74,7.3,11.8,2.2,3.6,321,29.49,0,862.2,0,0,13.3,57
2026-09-17T03:45:00.000Z,11.7,74,7.2,11.7,4,5.4,316,29.49,0,862.2,0,0,13.2,57
2026-09-17T04:00:00.000Z,11.4,75,7.1,11.4,6.1,7.2,285,29.49,0,862.2,0,0,13.1,58
2026-09-17T04:15:00.000Z,11,77,7.1,11,3.6,3.6,289,29.48,0,862.2,0,0,12.9,58
2026-09-17T04:30:00.000Z,10.9,78,7.2,10.9,4.3,5.4,291,29.47,0,862.2,0,0,12.7,59
2026-09-17T04:45:00.000Z,10.7,78,7.1,10.7,2.2,3.6,298,29.47,0,862.2,0,0,12.5,59
2026-09-17T05:00:00.000Z,10.6,80,7.3,10.6,4.7,5.4,293,29.47,0,862.2,0,0,12.4,60
2026-09-17T05:15:00.000Z,10.7,80,7.4,10.7,7.6,9.4,284,29.47,0,862.2,0,0,12.3,61
2026-09-17T05:30:00.000Z,10.7,81,7.6,10.7,2.2,3.6,297,29.46,0,862.2,0,0,12.2,62
2026-09-17T05:45:00.000Z,10.6,82,7.7,10.6,2.5,3.6,295,29.46,0,862.2,0,0,12.2,63
2026-09-17T06:00:00.000Z,10.2,84,7.7,10.2,3.6,5.4,288,29.45,0,862.2,0,0,12.1,63
2026-09-17T06:15:00.000Z,10.2,85,7.8,10.2,4.7,7.2,203,29.45,0,862.2,0,0,12,64
2026-09-17T06:30:00.000Z,9.8,86,7.6,9.8,1.4,1.8,200,29.45,0,862.2,0,0,11.9,64
2026-09-17T06:45:00.000Z,9.7,87,7.7,9.7,1.1,1.8,197,29.46,0,862.2,0,0,11.7,65
2026-09-17T07:00:00.000Z,9.6,88,7.7,9.6,2.9,3.6,291,29.46,0,862.2,0,0,11.5,65
2026-09-17T07:15:00.000Z,9.3,88,7.4,9.3,1.8,1.8,194,29.45,0,862.2,0,0,11.3,65
2026-09-17T07:30:00.000Z,9.2,89,7.5,9.2,1.4,1.8,206,29.44,0,862.2,0,0,11.2,66
2026-09-17T07:45:00.000Z,9.1,90,7.6,9.1,4,5.4,204,29.44,0,862.2,0,0,11.1,67
2026-09-17T08:00:00.000Z,8.9,91,7.5,8.4,5.4,7.2,186,29.43,0,862.2,0,0,11,67
2026-09-17T08:15:00.000Z,8.7,92,7.5,8.7,1.8,1.8,211,29.44,0,862.2,0,0,10.9,67
2026-09-17T08:30:00.000Z,8.7,92,7.5,8.7,4,5.4,217,29.44,0,862.2,0,0,10.8,68
2026-09-17T08:45:00.000Z,8.5,93,7.4,8.5,1.4,1.8,212,29.44,0,862.2,0,0,10.7,68
2026-09-17T09:00:00.000Z,8.4,94,7.5,7.5,6.5,9.4,206,29.43,0,862.2,0,0,10.6,69
2026-09-17T09:15:00.000Z,8.5,94,7.6,8.5,3.6,3.6,201,29.44,0,862.2,0,0,10.8,69
2026-09-17T09:30:00.000Z,8.7,94,7.8,8.7,4,5.4,151,29.44,0,862.2,0,0,11.3,70
2026-09-17T09:45:00.000Z,8.5,94,7.6,7.7,6.1,7.2,205,29.44,0,862.2,0,0,11.5,70
2026-09-17T10:00:00.000Z,8.4,94,7.5,7.8,5.4,7.2,198,29.44,0,862.2,0,0,11.5,69
2026-09-17T10:15:00.000Z,8.2,94,7.3,8.2,2.2,3.6,182,29.44,0,862.2,0,0,11.4,69
2026-09-17T10:30:00.000Z,8.2,94,7.3,8.2,1.4,1.8,192,29.44,0,862.2,0.1,0,11.4,69
2026-09-17T10:45:00.000Z,8.1,94,7.2,8.1,4,5.4,195,29.45,0,862.2,2.1,0,11.4,68
2026-09-17T11:00:00.000Z,8,94,7.1,8,4.7,5.4,190,29.46,0,862.2,7.5,0,11.3,68
2026-09-17T11:15:00.000Z,8.1,94,7.2,8.1,4,5.4,191,29.46,0,862.2,17.7,0,11.4,69
2026-09-17T11:30:00.000Z,8.4,94,7.5,7.8,5.4,5.4,190,29.46,0,862.2,29.3,0,11.6,69
2026-09-17T11:45:00.000Z,8.5,94,7.6,7.8,5.8,7.2,171,29.47,0,862.2,51.4,0,12,68
2026-09-17T12:00:00.000Z,8.8,93,7.7,8.8,4.7,7.2,176,29.46,0,862.2,69.1,0,12.5,68
2026-09-17T12:15:00.000Z,9,92,7.8,9,4,5.4,198,29.47,0,862.2,76.2,0,13,68
2026-09-17T12:30:00.000Z,8.9,91,7.5,8.9,3.6,5.4,163,29.47,0,862.2,66.9,0,13.4,66
2026-09-17T12:45:00.000Z,9.7,90,8.2,8.7,7.9,9.4,164,29.48,0,862.2,231.9,2,14,67
2026-09-17T13:00:00.000Z,9.6,87,7.6,9.6,3.6,3.6,184,29.47,0,862.2,105.7,1,15.2,63
2026-09-17T13:15:00.000Z,9.5,88,7.6,9.1,5.4,7.2,189,29.47,0,862.2,115.6,1,15.2,62
2026-09-17T13:30:00.000Z,10.7,86,8.5,10.7,7.6,9.4,176,29.47,0,862.2,354.1,3,16.2,62
2026-09-17T13:45:00.000Z,11.4,83,8.6,11.4,5.4,7.2,168,29.46,0,862.2,392.9,3,17.7,59
2026-09-17T14:00:00.000Z,12.2,78,8.5,12.2,2.2,5.4,43,29.46,0,862.2,428.9,4,19.1,56
2026-09-17T14:15:00.000Z,13.1,76,9,13.1,2.2,3.6,253,29.46,0,862.2,466.9,4,20.3,52
2026-09-17T14:30:00.000Z,13.6,73,8.9,13.6,1.1,1.8,6,29.45,0,862.2,494,4,21.2,50
2026-09-17T14:45:00.000Z,14.9,68,9.1,14.9,5,7.2,242,29.45,0,862.2,523.8,5,22.2,48
2026-09-17T15:00:00.000Z,15.3,68,9.4,15.3,4.7,7.2,230,29.46,0,862.2,552.6,5,22.8,46
2026-09-17T15:15:00.000Z,15.6,67,9.5,15.6,0,0,21,29.46,0,862.2,574.4,5,23.4,44
2026-09-17T15:30:00.000Z,16.8,62,9.4,16.8,0,0,225,29.45,0,862.2,595,5,24.2,43
2026-09-17T15:45:00.000Z,17.7,60,9.9,17.7,6.1,7.2,178,29.46,0,862.2,610.7,5,25,42
2026-09-17T16:00:00.000Z,17.7,59,9.6,17.7,1.8,1.8,166,29.46,0,862.2,623.5,6,25.8,40
2026-09-17T16:15:00.000Z,18.8,62,11.3,18.8,3.6,5.4,263,29.45,0,862.2,629.2,6,26.6,40
2026-09-17T16:30:00.000Z,19.2,59,11,19.2,2.2,3.6,227,29.45,0,862.2,634.9,6,27.1,40
2026-09-17T16:45:00.000Z,20.3,56,11.2,20.3,1.8,1.8,99,29.45,0,862.2,635.7,6,27.7,38
2026-09-17T17:00:00.000Z,21.1,55,11.7,21.1,2.5,3.6,309,29.45,0,862.2,619.8,6,28.6,37
2026-09-17T17:15:00.000Z,21.2,51,10.7,21.2,2.2,3.6,105,29.45,0,862.2,635.1,6,29.3,36
2026-09-17T17:30:00.000Z,21.2,53,11.3,21.2,0,0,290,29.44,0,862.2,619,6,29.8,35
2026-09-17T17:45:00.000Z,22.1,46,9.9,22.1,4,5.4,309,29.44,0,862.2,607.9,5,30.3,33
2026-09-17T18:00:00.000Z,23.2,48,11.6,23.2,0.4,1.8,216,29.43,0,862.2,582.6,5,31,33
2026-09-17T18:15:00.000Z,23,46,10.8,23,1.8,3.6,47,29.43,0,862.2,568.7,5,31.6,32
2026-09-17T18:30:00.000Z,23.6,45,11,23.6,6.1,9.4,179,29.42,0,862.2,543.3,5,31.9,31
2026-09-17T18:45:00.000Z,23.4,44,10.4,23.4,4.7,5.4,118,29.41,0,862.2,508.7,4,31.9,31
2026-09-17T19:00:00.000Z,24.8,49,13.3,24.8,4,5.4,137,29.42,0,862.2,485.6,4,31.9,31
2026-09-17T19:15:00.000Z,24.5,47,12.4,24.5,1.8,1.8,329,29.41,0,862.2,454.5,4,32.3,30
2026-09-17T19:30:00.000Z,24.4,44,11.3,24.4,2.5,5.4,214,29.41,0,862.2,420.4,4,32.6,29
2026-09-17T19:45:00.000Z,25,42,11.2,25,5.4,7.2,166,29.42,0,862.2,374.8,3,32.6,30
2026-09-17T20:00:00.000Z,24.6,46,12.2,24.6,2.2,3.6,174,29.42,0,862.2,299.3,2,32.5,30
2026-09-17T20:15:00.000Z,24.5,43,11.1,24.5,3.6,5.4,222,29.43,0,862.2,248.2,2,32.4,30
2026-09-17T20:30:00.000Z,24.3,44,11.3,24.3,1.4,1.8,121,29.42,0,862.2,245.6,2,32.2,29
2026-09-17T20:45:00.000Z,24.1,43,10.8,24.1,5.4,7.2,204,29.42,0,862.2,198.6,1,32.1,28
2026-09-17T21:00:00.000Z,23.9,39,9.1,23.9,2.2,3.6,229,29.42,0,862.2,184.2,1,32,28
2026-09-17T21:15:00.000Z,23.9,43,10.6,23.9,2.2,3.6,142,29.42,0,862.2,112.2,1,32.3,28
2026-09-17T21:30:00.000Z,23.4,42,9.8,23.4,0.7,1.8,159,29.43,0,862.2,88.9,0,31.4,28
2026-09-17T21:45:00.000Z,23.2,43,9.9,23.2,2.9,3.6,170,29.43,0,862.2,53.5,0,30.5,29
2026-09-17T22:00:00.000Z,22,48,10.5,22,1.8,1.8,166,29.43,0,862.2,35.6,0,28.9,30
2026-09-17T22:15:00.000Z,21,51,10.5,21,0,0,98,29.43,0,862.2,20.1,0,26.8,33
2026-09-17T22:30:00.000Z,19.6,58,11.1,19.6,0,0,47,29.43,0,862.2,8.1,0,24.6,37
2026-09-17T22:45:00.000Z,17.7,59,9.6,17.7,0,0,47,29.42,0,862.2,1.6,0,22.6,40
2026-09-17T23:00:00.000Z,17.2,63,10.1,17.2,0,0,47,29.42,0,862.2,0.1,0,20.7,42
2026-09-17T23:15:00.000Z,15.8,70,10.3,15.8,0,0,47,29.43,0,862.2,0,0,19.1,45
2026-09-17T23:30:00.000Z,17,65,10.4,17,0.7,1.8,1,29.44,0,862.2,0,0,18,49
2026-09-17T23:45:00.000Z,16.8,66,10.4,16.8,0,0,20,29.44,0,862.2,0,0,17.5,50
2026-09-18T00:00:00.000Z,15.2,74,10.6,15.2,0,0,16,29.44,0,862.2,0,0,16.8,51
2026-09-18T00:15:00.000Z,15.8,75,11.4,15.8,0,0,359,29.44,0,862.2,0,0,16.3,53
2026-09-18T00:30:00.000Z,15.9,75,11.4,15.9,0.4,1.8,265,29.44,0,862.2,0,0,16,55
2026-09-18T00:45:00.000Z,15.3,77,11.3,15.3,1.4,1.8,24,29.46,0,862.2,0,0,16,56
2026-09-18T01:00:00.000Z,14.6,80,11.2,14.6,0,0,13,29.46,0,862.2,0,0,15.5,57
2026-09-18T01:15:00.000Z,13.8,83,10.9,13.8,0,0,14,29.46,0,862.2,0,0,14.9,57
2026-09-18T01:30:00.000Z,12.5,88,10.6,12.5,0.7,1.8,53,29.47,0,862.2,0,0,14.2,59
2026-09-18T01:45:00.000Z,11.4,87,9.3,11.4,1.1,1.8,60,29.47,0,862.2,0,0,13.6,61
2026-09-18T02:00:00.000Z,11,90,9.4,11,0,0,52,29.48,0,862.2,0,0,13.1,61
2026-09-18T02:15:00.000Z,11.8,91,10.3,11.8,1.4,1.8,20,29.49,0,862.2,0,0,12.6,63
2026-09-18T02:30:00.000Z,11.9,87,9.8,11.9,1.1,1.8,19,29.49,0,862.2,0,0,12.6,64
2026-09-18T02:45:00.000Z,11.7,85,9.3,11.7,0,0,17,29.49,0,862.2,0,0,12.4,64
2026-09-18T03:00:00.000Z,10,89,8.3,10,0,0,17,29.49,0,862.2,0,0,12,63
2026-09-18T03:15:00.000Z,9.4,90,7.8,9.4,2.9,3.6,63,29.49,0,862.2,0,0,11.5,63
2026-09-18T03:30:00.000Z,9.1,92,7.9,9.1,0,0,58,29.49,0,862.2,0,0,11.1,64
2026-09-18T03:45:00.000Z,8.7,93,7.7,8.7,0,0,58,29.49,0,862.2,0,0,10.8,65
2026-09-18T04:00:00.000Z,8.5,93,7.4,8.5,0,0,81,29.48,0,862.2,0,0,10.6,66
2026-09-18T04:15:00.000Z,8.2,94,7.3,8.2,0,0,80,29.49,0,862.2,0,0,10.4,66
2026-09-18T04:30:00.000Z,8.2,94,7.3,8.2,0.4,1.8,65,29.49,0,862.2,0,0,10.2,66
2026-09-18T04:45:00.000Z,8.3,95,7.5,8.3,0.4,1.8,75,29.49,0,862.2,0,0,10.2,67
2026-09-18T05:00:00.000Z,8.5,95,7.7,8.5,0,0,73,29.49,0,862.2,0,0,10.1,67
2026-09-18T05:15:00.000Z,7.9,95,7.2,7.9,0,0,73,29.49,0,862.2,0,0,10,67
2026-09-18T05:30:00.000Z,8.3,96,7.7,8.3,0,0,74,29.49,0,862.2,0,0,10.1,68
2026-09-18T05:45:00.000Z,8.6,96,8,8.6,1.1,1.8,159,29.5,0,862.2,0,0,10.3,68
2026-09-18T06:00:00.000Z,8.6,96,8,8.6,1.8,1.8,181,29.5,0,862.2,0,0,10.5,69
2026-09-18T06:15:00.000Z,8.4,95,7.6,8.4,0,0,176,29.5,0,862.2,0,0,10.6,69
2026-09-18T06:30:00.000Z,7.9,96,7.3,7.9,0,0,177,29.51,0,862.2,0,0,10.3,67
2026-09-18T06:45:00.000Z,8.3,96,7.7,8.3,0,0,176,29.51,0,862.2,0,0,10,68
2026-09-18T07:00:00.000Z,7.6,96,7,7.6,2.2,3.6,78,29.51,0,862.2,0,0,9.8,68
2026-09-18T07:15:00.000Z,7.7,96,7.1,7.7,0,0,58,29.51,0,862.2,0,0,9.8,69
2026-09-18T07:30:00.000Z,8.3,96,7.7,8.3,0,0,2,29.51,0,862.2,0,0,9.8,70
2026-09-18T07:45:00.000Z,7.3,96,6.7,7.3,0.4,1.8,3,29.51,0,862.2,0,0,9.7,69
2026-09-18T08:00:00.000Z,8.2,97,7.8,8.2,1.4,1.8,23,29.5,0,862.2,0,0,9.5,69
2026-09-18T08:15:00.000Z,7.7,96,7.1,7.7,0,0,44,29.51,0,862.2,0,0,9.3,69
2026-09-18T08:30:00.000Z,8,97,7.6,8,0,0,10,29.51,0,862.2,0,0,9.3,70
2026-09-18T08:45:00.000Z,7,96,6.4,7,0,0,10,29.51,0,862.2,0,0,9,69
2026-09-18T09:00:00.000Z,6.2,96,5.6,6.2,0.4,1.8,50,29.51,0,862.2,0,0,8.6,68
2026-09-18T09:15:00.000Z,6.7,97,6.3,6.7,0,0,50,29.52,0,862.2,0,0,8.4,69
2026-09-18T09:30:00.000Z,6.3,97,5.8,6.3,0.4,1.8,69,29.52,0,862.2,0,0,8.2,69
2026-09-18T09:45:00.000Z,5.9,97,5.4,5.9,0,0,81,29.51,0,862.2,0,0,8.2,70
2026-09-18T10:00:00.000Z,6,97,5.6,6,0,0,80,29.51,0,862.2,0,0,8.2,70
2026-09-18T10:15:00.000Z,6.3,97,5.8,6.3,1.8,1.8,131,29.52,0,862.2,0,0,8.4,71
2026-09-18T10:30:00.000Z,6.5,97,6.1,6.5,0.7,1.8,95,29.53,0,862.2,0.2,0,8.5,71
2026-09-18T10:45:00.000Z,6.5,97,6.1,6.5,3.2,3.6,47,29.53,0,862.2,2.4,0,8.4,70
2026-09-18T11:00:00.000Z,6.1,97,5.7,6.1,0,0,74,29.53,0,862.2,10.4,0,8.3,70
2026-09-18T11:15:00.000Z,6.7,97,6.3,6.7,0.7,1.8,56,29.53,0,862.2,20.6,0,8.5,71
2026-09-18T11:30:00.000Z,6.4,97,5.9,6.4,0,0,55,29.53,0,862.2,19.8,0,8.9,71
2026-09-18T11:45:00.000Z,6.8,97,6.3,6.8,0.4,1.8,56,29.52,0,862.2,31.2,0,9.4,71
2026-09-18T12:00:00.000Z,7.5,97,7.1,7.5,0,0,76,29.53,0,862.2,52.4,0,10.3,72
2026-09-18T12:15:00.000Z,10.1,97,9.7,10.1,0,0,74,29.53,0,862.2,78.3,0,12.3,73
2026-09-18T12:30:00.000Z,11.8,88,9.8,11.8,0.4,1.8,87,29.54,0,862.2,89.3,0,15,70
2026-09-18T12:45:00.000Z,12.4,83,9.6,12.4,1.4,3.6,103,29.53,0,862.2,125.7,1,17.3,65
2026-09-18T13:00:00.000Z,13.8,78,10,13.8,4,5.4,192,29.54,0,862.2,166.1,1,19.3,61
2026-09-18T13:15:00.000Z,14.3,77,10.3,14.3,4,5.4,222,29.55,0,862.2,220.3,2,20.8,57
2026-09-18T13:30:00.000Z,15.2,72,10.2,15.2,2.5,3.6,302,29.54,0,862.2,298.1,2,22.1,53
2026-09-18T13:45:00.000Z,14.9,74,10.3,14.9,0.7,1.8,25,29.54,0,862.2,397,3,22.9,49
2026-09-18T14:00:00.000Z,15.2,73,10.4,15.2,2.2,3.6,253,29.54,0,862.2,392.2,3,23.6,47
2026-09-18T14:15:00.000Z,15.9,71,10.7,15.9,3.6,3.6,258,29.53,0,862.2,446.3,4,23.7,46
2026-09-18T14:30:00.000Z,16.5,71,11.2,16.5,3.6,3.6,178,29.52,0,862.2,497.2,4,24.3,46
2026-09-18T14:45:00.000Z,16.3,73,11.4,16.3,3.2,5.4,219,29.53,0,862.2,526.1,5,24.6,45
2026-09-18T15:00:00.000Z,17.1,69,11.4,17.1,4,5.4,252,29.52,0,862.2,549.5,5,24.9,44
2026-09-18T15:15:00.000Z,17.4,69,11.7,17.4,7.9,9.4,179,29.52,0,862.2,572.6,5,25.4,44
2026-09-18T15:30:00.000Z,18,67,11.8,18,4.7,5.4,234,29.51,0,862.2,609.3,5,25.9,43
2026-09-18T15:45:00.000Z,18.3,67,12.1,18.3,5.4,7.2,248,29.5,0,862.2,608.8,5,26.3,43
2026-09-18T16:00:00.000Z,18.8,66,12.3,18.8,12.2,14.8,178,29.49,0,862.2,615.1,5,26.8,42
2026-09-18T16:15:00.000Z,19.4,65,12.7,19.4,3.6,3.6,262,29.49,0,862.2,509.2,4,27.3,42
2026-09-18T16:30:00.000Z,19.1,64,12.2,19.1,1.1,1.8,82,29.49,0,862.2,439.1,4,27.5,41
2026-09-18T16:45:00.000Z,19.6,66,13.1,19.6,3.6,3.6,249,29.48,0,862.2,364.5,3,27.5,40
2026-09-18T17:00:00.000Z,20.2,60,12.2,20.2,0.7,1.8,321,29.47,0,862.2,556,5,27.6,41
2026-09-18T17:15:00.000Z,20.5,61,12.7,20.5,4,5.4,218,29.46,0,862.2,584.4,5,28,40
2026-09-18T17:30:00.000Z,20.8,61,13,20.8,3.6,5.4,239,29.46,0,862.2,428.7,4,28.5,39
2026-09-18T17:45:00.000Z,21,60,12.9,21,2.2,3.6,155,29.45,0,862.2,433.9,4,28.8,38
2026-09-18T18:00:00.000Z,21.9,56,12.7,21.9,4,5.4,229,29.46,0,862.2,455.3,4,29.5,38
2026-09-18T18:15:00.000Z,23.4,52,13,23.4,4.3,5.4,151,29.45,0,862.2,580.8,5,30.8,37
2026-09-18T18:30:00.000Z,23.4,51,12.7,23.4,0.4,1.8,213,29.44,0,862.2,592.2,5,31.7,35
2026-09-18T18:45:00.000Z,23.2,53,13.1,23.2,6.1,9.4,239,29.43,0,862.2,557.5,5,32.2,33
2026-09-18T19:00:00.000Z,23.6,51,12.9,23.6,9.4,11.2,195,29.42,0,862.2,525.5,5,32.4,33
2026-09-18T19:15:00.000Z,23.9,50,12.8,23.9,7.9,11.2,203,29.42,0,862.2,468.5,4,32.4,33
2026-09-18T19:30:00.000Z,23.7,52,13.3,23.7,6.5,9.4,172,29.42,0,862.2,438.9,4,32.2,33
2026-09-18T19:45:00.000Z,24.2,49,12.8,24.2,5.4,9.4,174,29.42,0,862.2,421.2,4,32.2,32
2026-09-18T20:00:00.000Z,24.8,45,12.1,24.8,1.1,1.8,37,29.41,0,862.2,366.1,3,32.5,32
2026-09-18T20:15:00.000Z,24.4,46,12.1,24.4,1.8,1.8,341,29.41,0,862.2,314.9,3,32.8,31
2026-09-18T20:30:00.000Z,25,48,13.2,25,4.7,5.4,164,29.41,0,862.2,263.3,2,33.2,31
2026-09-18T20:45:00.000Z,24.6,45,11.9,24.6,0.4,1.8,81,29.4,0,862.2,217.8,2,33.3,31
2026-09-18T21:00:00.000Z,25.9,43,12.4,25.9,1.1,1.8,186,29.41,0,862.2,179,1,33.8,30
2026-09-18T21:15:00.000Z,24,47,12,24,3.6,3.6,209,29.41,0,862.2,131.2,1,33.7,30
2026-09-18T21:30:00.000Z,23.7,47,11.8,23.7,2.9,3.6,189,29.41,0,862.2,94.9,0,33.5,29
2026-09-18T21:45:00.000Z,24.1,46,11.8,24.1,0.4,1.8,90,29.41,0,862.2,64.5,0,33.2,29
2026-09-18T22:00:00.000Z,23.6,49,12.3,23.6,0,0,152,29.4,0,862.2,29.9,0,32.6,30
2026-09-18T22:15:00.000Z,23.4,49,12.1,23.4,0,0,154,29.39,0,862.2,20.8,0,30.2,31
2026-09-18T22:30:00.000Z,21.4,53,11.4,21.4,0,0,154,29.39,0,862.2,10.5,0,27.1,34
2026-09-18T22:45:00.000Z,20.7,56,11.6,20.7,0.4,1.8,271,29.39,0,862.2,2.3,0,24.9,37
2026-09-18T23:00:00.000Z,19.6,60,11.7,19.6,0,0,276,29.38,0,862.2,0.1,0,22.9,40
2026-09-18T23:15:00.000Z,17.7,69,11.9,17.7,0,0,276,29.38,0,862.2,0,0,20.9,43
2026-09-18T23:30:00.000Z,15.5,76,11.3,15.5,0,0,276,29.38,0,862.2,0,0,19.2,46
2026-09-18T23:45:00.000Z,14.4,82,11.3,14.4,0,0,276,29.38,0,862.2,0,0,17.8,48
2026-09-19T00:00:00.000Z,13.9,83,11.1,13.9,0,0,276,29.38,0,862.2,0,0,16.6,51
2026-09-19T00:15:00.000Z,14,82,11,14,0,0,276,29.39,0,862.2,0,0,15.8,54
2026-09-19T00:30:00.000Z,13,86,10.7,13,0.4,1.8,276,29.39,0,862.2,0,0,15.2,56
2026-09-19T00:45:00.000Z,12.8,88,10.8,12.8,0,0,276,29.4,0,862.2,0,0,14.6,57
2026-09-19T01:00:00.000Z,12.5,87,10.4,12.5,1.1,1.8,72,29.4,0,862.2,0,0,14.1,60
2026-09-19T01:15:00.000Z,11.9,89,10.1,11.9,0,0,66,29.4,0,862.2,0,0,13.9,61
2026-09-19T01:30:00.000Z,11.4,91,10,11.4,0,0,67,29.4,0,862.2,0,0,13.5,62
2026-09-19T01:45:00.000Z,11.7,91,10.3,11.7,1.8,1.8,343,29.41,0,862.2,0,0,13.3,63
2026-09-19T02:00:00.000Z,12.1,89,10.3,12.1,0,0,50,29.41,0,862.2,0,0,13.2,64
2026-09-19T02:15:00.000Z,11.4,91,10,11.4,0,0,52,29.41,0,862.2,0,0,13,64
2026-09-19T02:30:00.000Z,11.4,92,10.1,11.4,0,0,54,29.4,0,862.2,0,0,13,64
2026-09-19T02:45:00.000Z,11.3,93,10.2,11.3,0,0,61,29.4,0,862.2,0,0,12.8,65
2026-09-19T03:00:00.000Z,11.3,94,10.3,11.3,0,0,57,29.39,0,862.2,0,0,12.8,66
2026-09-19T03:15:00.000Z,11.8,95,11,11.8,0,0,57,29.39,0,862.2,0,0,12.8,67
2026-09-19T03:30:00.000Z,12.2,95,11.4,12.2,0,0,18,29.39,0,862.2,0,0,12.9,67
2026-09-19T03:45:00.000Z,11.1,95,10.3,11.1,0,0,47,29.37,0,862.2,0,0,12.7,67
2026-09-19T04:00:00.000Z,11.1,96,10.5,11.1,0,0,36,29.37,0,862.2,0,0,12.5,67
2026-09-19T04:15:00.000Z,11.1,96,10.5,11.1,0,0,37,29.36,0,862.2,0,0,12.6,67
2026-09-19T04:30:00.000Z,10.8,96,10.2,10.8,0,0,37,29.36,0,862.2,0,0,12.5,67
2026-09-19T04:45:00.000Z,10.6,96,10,10.6,0,0,61,29.36,0,862.2,0,0,12.4,68
2026-09-19T05:00:00.000Z,10.3,96,9.7,10.3,0,0,63,29.35,0,862.2,0,0,12.4,69
2026-09-19T05:15:00.000Z,10.2,96,9.6,10.2,0.7,1.8,61,29.35,0,862.2,0,0,12.3,69
2026-09-19T05:30:00.000Z,11.8,97,11.3,11.8,1.8,1.8,9,29.35,0,862.2,0,0,12.6,70
2026-09-19T05:45:00.000Z,11.9,96,11.3,11.9,0,0,28,29.35,0,862.2,0,0,12.9,71
2026-09-19T06:00:00.000Z,10.7,95,9.9,10.7,0,0,113,29.35,0,862.2,0,0,12.9,70
2026-09-19T06:15:00.000Z,9.9,95,9.1,9.9,0,0,57,29.35,0,862.2,0,0,12.5,68
2026-09-19T06:30:00.000Z,10.4,96,9.8,10.4,2.5,3.6,58,29.34,0,862.2,0,0,12.1,68
2026-09-19T06:45:00.000Z,9.8,96,9.2,9.8,0,0,38,29.33,0,862.2,0,0,11.7,69
2026-09-19T07:00:00.000Z,10.4,97,9.9,10.4,0,0,39,29.33,0,862.2,0,0,11.7,69
2026-09-19T07:15:00.000Z,10.1,97,9.7,10.1,1.4,1.8,40,29.31,0,862.2,0,0,11.5,69
2026-09-19T07:30:00.000Z,9,97,8.6,9,0,0,47,29.31,0,862.2,0,0,11.3,69
2026-09-19T07:45:00.000Z,10.4,97,9.9,10.4,2.5,3.6,316,29.3,0,862.2,0,0,11.4,71
2026-09-19T08:00:00.000Z,10.2,97,9.8,10.2,0.4,1.8,2,29.3,0,862.2,0,0,11.6,73
2026-09-19T08:15:00.000Z,10.2,97,9.8,10.2,3.6,3.6,330,29.3,0,862.2,0,0,11.8,73
2026-09-19T08:30:00.000Z,10.1,97,9.7,10.1,1.8,1.8,345,29.3,0,862.2,0,0,12,73
2026-09-19T08:45:00.000Z,9.9,97,9.4,9.9,2.2,3.6,335,29.3,0,862.2,0,0,11.9,72
2026-09-19T09:00:00.000Z,9.4,96,8.8,9.4,0,0,10,29.3,0,862.2,0,0,11.7,71
2026-09-19T09:15:00.000Z,8.8,96,8.2,8.8,0,0,48,29.3,0,862.2,0,0,11.4,70
2026-09-19T09:30:00.000Z,8.6,97,8.2,8.6,1.4,1.8,15,29.3,0,862.2,0,0,11.1,70
2026-09-19T09:45:00.000Z,8.9,97,8.4,8.9,0.7,1.8,36,29.3,0,862.2,0,0,11,70
2026-09-19T10:00:00.000Z,9,97,8.6,9,0,0,52,29.31,0,862.2,0,0,11.2,71
2026-09-19T10:15:00.000Z,9.3,97,8.8,9.3,1.4,1.8,59,29.3,0,862.2,0,0,11.5,72
2026-09-19T10:30:00.000Z,9,97,8.6,9,0,0,83,29.32,0,862.2,0.3,0,11.7,72
2026-09-19T10:45:00.000Z,8.9,97,8.4,8.9,0,0,83,29.32,0,862.2,4.1,0,11.9,72
2026-09-19T11:00:00.000Z,9,97,8.6,9,1.1,1.8,73,29.31,0,862.2,16.4,0,11.9,71
2026-09-19T11:15:00.000Z,9.5,97,9.1,9.5,1.4,1.8,65,29.3,0,862.2,26.4,0,12.1,72
2026-09-19T11:30:00.000Z,10,97,9.6,10,1.8,1.8,77,29.3,0,862.2,34,0,12.7,73
2026-09-19T11:45:00.000Z,10.3,97,9.8,10.3,0,0,78,29.31,0,862.2,36.6,0,13.5,73
2026-09-19T12:00:00.000Z,10.3,97,9.8,10.3,0.4,1.8,24,29.32,0,862.2,69,0,14.2,72
2026-09-19T12:15:00.000Z,10.5,97,10.1,10.5,1.1,1.8,23,29.34,0,862.2,78.6,0,14.8,71
2026-09-19T12:30:00.000Z,10.8,97,10.3,10.8,1.8,1.8,3,29.33,0,862.2,82.8,0,15.4,70
2026-09-19T12:45:00.000Z,10.9,97,10.4,10.9,4,5.4,14,29.35,0,862.2,110.6,1,15.7,69
2026-09-19T13:00:00.000Z,11.3,97,10.8,11.3,8.6,11.2,21,29.34,0,862.2,96.2,0,16.3,68
2026-09-19T13:15:00.000Z,11.7,96,11.1,11.7,4.7,7.2,18,29.34,0,862.2,98.5,0,16.4,67
2026-09-19T13:30:00.000Z,12,94,11.1,12,6.1,7.2,13,29.34,0,862.2,127.3,1,16.5,67
2026-09-19T13:45:00.000Z,12.7,92,11.4,12.7,9.4,14.8,25,29.34,0,862.2,173.6,1,17.2,66
2026-09-19T14:00:00.000Z,13,89,11.2,13,6.1,7.2,30,29.31,0,862.2,282.1,2,17.7,65
2026-09-19T14:15:00.000Z,13.4,88,11.4,13.4,6.5,7.2,2,29.32,0,862.2,79.8,0,18.2,63
2026-09-19T14:30:00.000Z,13.2,87,11.1,13.2,9.7,13,6,29.32,0,862.2,92.5,0,17.6,63
2026-09-19T14:45:00.000Z,13.5,86,11.2,13.5,13,14.8,4,29.32,0,862.2,239.7,2,17.6,63
2026-09-19T15:00:00.000Z,13.7,86,11.4,13.7,9.4,11.2,7,29.31,0,862.2,105.1,1,17.8,62
2026-09-19T15:15:00.000Z,14,84,11.3,14,11.9,14.8,1,29.33,0,862.2,200.1,1,17.7,63
2026-09-19T15:30:00.000Z,14,83,11.2,14,12.6,20.2,334,29.34,0,862.2,53.2,0,17.4,62
2026-09-19T15:45:00.000Z,13.6,85,11.2,13.6,14.4,18.4,324,29.34,0,862.2,37.9,0,16.8,63
2026-09-19T16:00:00.000Z,12.9,90,11.3,12.9,11.9,14.8,357,29.34,0,862.2,39.3,0,16.2,66
2026-09-19T16:15:00.000Z,12.9,91,11.4,12.9,9,13,359,29.34,0,862.2,64.5,0,16,67
2026-09-19T16:30:00.000Z,13.1,90,11.5,13.1,10.1,13,24,29.34,0,862.2,62.9,0,16.1,67
2026-09-19T16:45:00.000Z,13.3,88,11.3,13.3,12.6,14.8,18,29.34,0,862.2,26.6,0,16.1,67
2026-09-19T17:00:00.000Z,13.3,88,11.3,13.3,11.2,14.8,24,29.34,0,862.2,19.6,0,16.1,67
2026-09-19T17:15:00.000Z,13.4,87,11.3,13.4,6.1,9.4,353,29.33,0,862.2,19.1,0,16.1,67
2026-09-19T17:30:00.000Z,13.5,86,11.2,13.5,7.9,11.2,310,29.32,0,862.2,37.8,0,16.1,67
2026-09-19T17:45:00.000Z,13.6,86,11.3,13.6,12.2,14.8,21,29.31,0,862.2,48.3,0,16.2,67
2026-09-19T18:00:00.000Z,13.6,86,11.3,13.6,15.1,18.4,1,29.31,0,862.2,34.2,0,16.3,67
2026-09-19T18:15:00.000Z,13.6,87,11.5,13.6,12.6,16.6,357,29.31,0,862.2,20.1,0,16.3,67
2026-09-19T18:30:00.000Z,13.4,88,11.4,13.4,9,13,4,29.3,0,862.2,15.2,0,16.3,68
2026-09-19T18:45:00.000Z,13.6,87,11.5,13.6,7.9,11.2,9,29.31,0,862.2,82.3,0,16.2,67
2026-09-19T19:00:00.000Z,13.8,86,11.5,13.8,14.8,16.6,0,29.3,0,862.2,59.4,0,16.4,67
2026-09-19T19:15:00.000Z,13.8,86,11.5,13.8,13,16.6,9,29.3,0,862.2,35.5,0,16.4,67
2026-09-19T19:30:00.000Z,13.8,86,11.5,13.8,11.9,16.6,11,29.3,0,862.2,38.3,0,16.4,67
2026-09-19T19:45:00.000Z,13.2,89,11.4,13.2,11.9,14.8,4,29.29,1.8,862.5,36,0,16.1,68
2026-09-19T20:00:00.000Z,13,91,11.6,13,7.2,9.4,14,29.29,1.8,862.8,54.5,0,15.8,69
2026-09-19T20:15:00.000Z,13,90,11.4,13,14,18.4,351,29.28,0,863,41,0,15.6,70
2026-09-19T20:30:00.000Z,12.7,92,11.4,12.7,5,5.4,4,29.27,7.2,864.5,7,0,15.4,71
2026-09-19T20:45:00.000Z,12.5,94,11.6,12.5,11.5,14.8,19,29.27,3,865.3,27.4,0,15.1,72
2026-09-19T21:00:00.000Z,12.5,94,11.6,12.5,9,11.2,358,29.27,1.8,865.8,13.1,0,14.9,73
2026-09-19T21:15:00.000Z,12.4,94,11.4,12.4,11.2,14.8,12,29.27,3,866.6,8.5,0,14.8,73
2026-09-19T21:30:00.000Z,12.4,94,11.4,12.4,8.3,9.4,8,29.25,1.8,867.1,9,0,14.8,74
2026-09-19T21:45:00.000Z,12.5,94,11.6,12.5,14.4,16.6,348,29.25,1.2,867.3,7.2,0,14.7,74
2026-09-19T22:00:00.000Z,12.5,94,11.6,12.5,10.1,14.8,3,29.25,3,867.8,2.5,0,14.6,74
2026-09-19T22:15:00.000Z,12.5,94,11.6,12.5,11.9,16.6,19,29.25,3,868.6,2,0,14.6,75
2026-09-19T22:30:00.000Z,12.5,95,11.7,12.5,14.4,20.2,305,29.26,4.8,869.9,0.7,0,14.5,75
2026-09-19T22:45:00.000Z,12.4,95,11.6,12.4,16.6,20.2,340,29.26,3,870.9,0.2,0,14.5,76
2026-09-19T23:00:00.000Z,12.3,94,11.3,12.3,13.3,14.8,334,29.25,3,871.6,0,0,14.3,75
2026-09-19T23:15:00.000Z,12.2,95,11.4,12.2,13.7,16.6,347,29.26,3,872.4,0,0,14.3,76
2026-09-19T23:30:00.000Z,12.2,95,11.4,12.2,13,16.6,337,29.26,4.2,873.4,0,0,14.2,76
2026-09-19T23:45:00.000Z,12.2,95,11.4,12.2,15.8,20.2,315,29.27,4.2,874.4,0,0,14.2,76
2026-09-20T00:00:00.000Z,12.2,95,11.4,12.2,13,14.8,21,29.26,4.8,875.5,0,0,14.1,77
2026-09-20T00:15:00.000Z,12.1,95,11.3,12.1,19.4,25.6,8,29.25,4.2,876.2,0,0,14,77
2026-09-20T00:30:00.000Z,12,95,11.2,12,24.1,31.3,13,29.26,3,877,0,0,13.8,77
2026-09-20T00:45:00.000Z,11.9,94,10.9,11.9,13,22,344,29.24,0,877,0,0,13.8,77
2026-09-20T01:00:00.000Z,12,93,10.9,12,15.5,18.4,11,29.25,1.2,877.2,0,0,13.7,76
2026-09-20T01:15:00.000Z,12,93,10.9,12,14.8,20.2,11,29.23,0,877.2,0,0,13.7,77
2026-09-20T01:30:00.000Z,12.1,90,10.5,12.1,23.8,27.7,9,29.23,0,877.2,0,0,13.8,76
2026-09-20T01:45:00.000Z,11.9,88,9.9,11.9,28.8,34.9,0,29.25,0,877.2,0,0,13.6,74
2026-09-20T02:00:00.000Z,11.6,89,9.9,11.6,19.8,25.6,21,29.25,0,877.2,0,0,13.2,75
2026-09-20T02:15:00.000Z,11.6,90,10.1,11.6,27.4,38.5,19,29.22,0,877.2,0,0,13.2,75
2026-09-20T02:30:00.000Z,12,89,10.2,12,20.5,23.8,356,29.24,0,877.2,0,0,13.3,75
2026-09-20T02:45:00.000Z,12.1,89,10.3,12.1,31,36.7,24,29.25,0,877.2,0,0,13.5,75
2026-09-20T03:00:00.000Z,12.2,89,10.4,12.2,29.2,38.5,39,29.25,0,877.2,0,0,13.5,76
2026-09-20T03:15:00.000Z,12.1,90,10.5,12.1,25.2,33.1,31,29.24,0,877.2,0,0,13.6,75
2026-09-20T03:30:00.000Z,11.9,89,10.1,11.9,33.1,40.3,355,29.24,0,877.2,0,0,13.4,75
2026-09-20T03:45:00.000Z,12,88,10.1,12,20.2,27.7,9,29.24,0,877.2,0,0,13.4,75
2026-09-20T04:00:00.000Z,11.9,86,9.6,11.9,17.3,20.2,344,29.24,0,877.2,0,0,13.3,74
2026-09-20T04:15:00.000Z,11.9,84,9.3,11.9,22.7,29.5,344,29.24,0,877.2,0,0,13.3,73
2026-09-20T04:30:00.000Z,11.7,85,9.3,11.7,22,27.7,342,29.24,0,877.2,0,0,13.4,73
2026-09-20T04:45:00.000Z,11.8,85,9.3,11.8,28.8,34.9,346,29.25,0,877.2,0,0,13.3,73
2026-09-20T05:00:00.000Z,11.5,88,9.6,11.5,16.9,20.2,13,29.26,1.8,877.5,0,0,13.1,74
2026-09-20T11:00:00.000Z,10.6,96,10,10.6,6.1,7.2,268,29.33,1.8,909,2.9,0,13.2,76
2026-09-20T11:15:00.000Z,10.4,96,9.8,10.4,6.1,7.2,296,29.34,0,909,7.5,0,13.2,75
2026-09-20T11:30:00.000Z,10.3,96,9.7,10.3,6.1,9.4,292,29.35,0,909,8.5,0,13.2,75
2026-09-20T11:45:00.000Z,10.2,96,9.6,10.2,2.9,3.6,292,29.36,0,909,20,0,13.3,75
2026-09-20T12:00:00.000Z,10.3,95,9.5,10.3,2.9,3.6,273,29.37,0,909,65.9,0,13.7,74
2026-09-20T12:15:00.000Z,10.5,94,9.6,10.5,2.9,5.4,286,29.39,0,909,41.9,0,14,73
2026-09-20T12:30:00.000Z,10.8,93,9.7,10.8,2.9,3.6,308,29.4,0,909,64.4,0,14.3,72
2026-09-20T12:45:00.000Z,10.9,93,9.8,10.9,3.2,3.6,304,29.4,0,909,130.7,1,14.7,72
2026-09-20T13:00:00.000Z,11.1,92,9.9,11.1,2.9,3.6,313,29.41,0,909,79.8,0,15.2,70
2026-09-20T13:15:00.000Z,11.2,90,9.7,11.2,6.8,7.2,334,29.41,0,909,109.4,1,15.4,69
2026-09-20T13:30:00.000Z,11.4,88,9.5,11.4,4.7,5.4,320,29.42,0,909,111.7,1,15.8,68
2026-09-20T13:45:00.000Z,11.9,86,9.6,11.9,6.1,7.2,318,29.42,0,909,198.6,1,16.4,68
2026-09-20T14:00:00.000Z,12.4,84,9.8,12.4,5.8,7.2,317,29.43,0,909,483.4,4,16.9,65
2026-09-20T14:15:00.000Z,13.2,79,9.7,13.2,6.5,9.4,327,29.42,0,909,308.9,3,18.4,64
2026-09-20T14:30:00.000Z,12.7,77,8.8,12.7,3.6,3.6,298,29.43,0,909,75.1,0,18.6,60
2026-09-20T14:45:00.000Z,11.2,87,9.2,11.2,4,5.4,274,29.44,3,909.5,67.5,0,16.6,61
2026-09-20T15:00:00.000Z,11.2,90,9.7,11.2,3.2,3.6,240,29.44,0,909.7,160.6,1,15.6,65
2026-09-20T15:15:00.000Z,12.2,85,9.8,12.2,6.5,7.2,267,29.45,0,909.7,266,2,16.4,64
2026-09-20T15:30:00.000Z,13.8,77,9.8,13.8,3.6,3.6,321,29.44,0,909.7,248.7,2,17.8,62
2026-09-20T15:45:00.000Z,13.2,77,9.3,13.2,9.4,11.2,339,29.45,0,909.7,169.8,1,18.3,58
2026-09-20T16:00:00.000Z,13,80,9.6,13,6.1,7.2,297,29.45,0,909.7,114.8,1,17.9,58
2026-09-20T16:15:00.000Z,14,69,8.4,14,6.8,9.4,217,29.46,0,909.7,300.8,2,18.7,57
2026-09-20T16:30:00.000Z,13.5,64,6.8,13.5,1.1,1.8,311,29.46,0,909.7,215,2,19.6,53
2026-09-20T16:45:00.000Z,14,67,8,14,9.7,13,299,29.47,0,909.7,160.8,1,19.9,51
2026-09-20T17:00:00.000Z,11.5,77,7.6,11.5,7.2,7.2,282,29.48,0,909.7,164.8,1,17.2,53
2026-09-20T17:15:00.000Z,12.6,71,7.5,12.6,4.3,5.4,341,29.48,0,909.7,318.6,3,17.2,56
2026-09-20T17:30:00.000Z,14.3,70,8.9,14.3,5,5.4,260,29.47,0,909.7,430.3,4,19.1,54
2026-09-20T17:45:00.000Z,13.9,71,8.7,13.9,9.4,13,216,29.47,0,909.7,245,2,19.8,49
2026-09-20T18:00:00.000Z,12.8,72,7.9,12.8,7.6,9.4,255,29.48,0,909.7,297.3,2,19,51
2026-09-20T18:15:00.000Z,13.2,73,8.5,13.2,7.2,9.4,254,29.49,0,909.7,352,3,19.6,51
2026-09-20T18:30:00.000Z,13.8,67,7.8,13.8,8.6,14.8,252,29.48,0,909.7,312,3,20.2,48
2026-09-20T18:45:00.000Z,12.7,71,7.6,12.7,9.4,11.2,270,29.48,0,909.7,136,1,18.8,48
2026-09-20T19:00:00.000Z,12.7,70,7.4,12.7,6.8,9.4,264,29.49,0,909.7,215.7,2,17.7,50
2026-09-20T19:15:00.000Z,13.1,66,6.9,13.1,11.2,14.8,261,29.49,0,909.7,229.1,2,18,49
2026-09-20T19:30:00.000Z,13.1,67,7.1,13.1,9.7,11.2,254,29.49,0,909.7,117.8,1,18.3,48
2026-09-20T19:45:00.000Z,12.9,68,7.1,12.9,7.9,11.2,301,29.5,0,909.7,85.2,0,17.8,50
2026-09-20T20:00:00.000Z,12.7,69,7.2,12.7,6.5,7.2,258,29.5,0,909.7,60.6,0,17.2,50
2026-09-20T20:15:00.000Z,12.2,71,7.1,12.2,6.8,9.4,177,29.51,1.8,910,107.2,1,16.3,52
2026-09-20T20:30:00.000Z,12.5,66,6.3,12.5,5.8,7.2,248,29.5,0,910,136.6,1,15.9,53
2026-09-20T20:45:00.000Z,12.9,65,6.5,12.9,3.2,7.2,229,29.5,0,910,138.7,1,16.8,52
2026-09-20T21:00:00.000Z,13.1,67,7.1,13.1,4.3,5.4,274,29.51,0,910,132.4,1,17.4,50
2026-09-20T21:15:00.000Z,12.8,67,6.8,12.8,2.2,3.6,294,29.52,0,910,75.7,0,17.5,49
2026-09-20T21:30:00.000Z,12.5,68,6.8,12.5,1.8,3.6,340,29.51,0,910,47.1,0,16.9,49
2026-09-20T21:45:00.000Z,12.1,70,6.8,12.1,13.7,14.8,313,29.53,0,910,17.6,0,16.2,50
2026-09-20T22:00:00.000Z,10.6,79,7.1,10.6,11.2,13,298,29.54,1.2,910.2,22.6,0,14.5,56
2026-09-20T22:15:00.000Z,10.2,79,6.7,10.2,7.2,7.2,295,29.55,0,910.2,16,0,13.5,59
2026-09-20T22:30:00.000Z,10.3,81,7.2,10.3,9.4,11.2,309,29.55,0,910.2,9.1,0,13.1,60
2026-09-20T22:45:00.000Z,10.1,83,7.3,10.1,3.2,3.6,308,29.56,0,910.2,2.3,0,12.8,62
2026-09-20T23:00:00.000Z,10.1,83,7.3,10.1,5.4,5.4,315,29.57,0,910.2,0.1,0,12.6,63
2026-09-20T23:15:00.000Z,10,83,7.2,9.3,6.5,7.2,285,29.57,0,910.2,0,0,12.4,63
2026-09-20T23:30:00.000Z,10.2,82,7.3,10.2,8.3,9.4,291,29.59,0,910.2,0,0,12.5,63
2026-09-20T23:45:00.000Z,10,84,7.4,10,4.7,7.2,290,29.59,0,910.2,0,0,12.5,64
2026-09-21T00:00:00.000Z,9.7,85,7.3,9.7,1.8,1.8,319,29.61,0,910.2,0,0,12.3,64
2026-09-21T00:15:00.000Z,9.3,86,7.1,9.3,0,0,346,29.61,0,910.2,0,0,12,64
2026-09-21T00:30:00.000Z,8.9,87,6.8,8.9,0,0,3,29.6,0,910.2,0,0,11.8,65
2026-09-21T00:45:00.000Z,8.3,88,6.4,8.3,0,0,359,29.62,0,910.2,0,0,11.4,65
2026-09-21T01:00:00.000Z,8.6,89,6.9,8.6,2.2,3.6,18,29.62,0,910.2,0,0,10.9,66
2026-09-21T01:15:00.000Z,8,90,6.4,8,0,0,25,29.62,0,910.2,0,0,10.4,66
2026-09-21T01:30:00.000Z,7.2,92,6,7.2,0,0,24,29.63,0,910.2,0,0,9.9,67
2026-09-21T01:45:00.000Z,7.5,93,6.4,7.5,0,0,6,29.64,0,910.2,0,0,9.5,68
2026-09-21T02:00:00.000Z,7,93,5.9,7,0,0,6,29.65,0,910.2,0,0,9.2,68
2026-09-21T02:15:00.000Z,6.6,94,5.7,6.6,1.8,1.8,356,29.65,0,910.2,0,0,8.7,68
2026-09-21T02:30:00.000Z,7,94,6.1,7,2.9,3.6,335,29.65,0,910.2,0,0,8.6,70
2026-09-21T02:45:00.000Z,7,93,5.9,7,0,0,5,29.66,0,910.2,0,0,8.8,71
2026-09-21T03:00:00.000Z,7.7,93,6.7,7.7,0,0,13,29.67,0,910.2,0,0,9.3,72
2026-09-21T03:15:00.000Z,7.8,92,6.6,7.8,0,0,9,29.67,0,910.2,0,0,9.9,72
2026-09-21T03:30:00.000Z,8,91,6.6,8,1.8,1.8,349,29.67,0,910.2,0,0,10.4,71
2026-09-21T11:15:00.000Z,3.6,98,3.3,3.6,0.4,1.8,65,29.74,0,910.2,26.8,0,5.1,73
2026-09-21T11:30:00.000Z,4.8,97,4.3,4.8,0,0,69,29.75,0,910.2,41.3,0,6.3,75
2026-09-21T11:45:00.000Z,5.3,97,4.8,5.3,0,0,70,29.75,0,910.2,42.1,0,7.8,76
2026-09-21T12:00:00.000Z,6.5,97,6.1,6.5,0,0,81,29.74,0,910.2,67.3,0,9.4,75
2026-09-21T12:15:00.000Z,7.9,97,7.4,7.9,0,0,75,29.75,0,910.2,85.9,0,11.6,74
2026-09-21T12:30:00.000Z,8.5,94,7.6,8.5,0.7,1.8,151,29.75,0,910.2,109.3,1,13.8,71
2026-09-21T12:45:00.000Z,9.5,87,7.4,8.6,7.2,11.2,181,29.75,0,910.2,143.4,1,15.5,66
2026-09-21T13:00:00.000Z,10.1,80,6.8,10.1,5.8,7.2,194,29.76,0,910.2,194,1,16.7,64
2026-09-21T13:15:00.000Z,10.4,80,7.1,10.4,5.8,7.2,195,29.76,0,910.2,271.9,2,17.4,62
2026-09-21T13:30:00.000Z,10.9,78,7.2,10.9,4,5.4,177,29.77,0,910.2,368.1,3,18.1,59
2026-09-21T13:45:00.000Z,11.1,72,6.3,11.1,6.5,7.2,145,29.77,0,910.2,420.7,4,18.6,58
2026-09-21T14:00:00.000Z,11.5,76,7.4,11.5,4.7,5.4,163,29.77,0,910.2,486.4,4,19.2,56
2026-09-21T14:15:00.000Z,11.9,70,6.6,11.9,5.4,5.4,196,29.77,0,910.2,556.6,5,19.9,54
2026-09-21T14:30:00.000Z,12.1,70,6.8,12.1,7.2,9.4,204,29.76,0,910.2,524.6,5,20.2,51
2026-09-21T14:45:00.000Z,12.8,67,6.8,12.8,6.1,7.2,228,29.76,0,910.2,585.1,5,20.7,50
2026-09-21T15:00:00.000Z,12.9,67,6.9,12.9,5.8,7.2,207,29.77,0,910.2,601.4,5,21.1,49
2026-09-21T15:15:00.000Z,13.5,65,7.1,13.5,10.4,13,176,29.76,0,910.2,638.5,6,21.2,49
2026-09-21T15:30:00.000Z,13.4,64,6.7,13.4,13.7,14.8,185,29.75,0,910.2,629.2,6,21.1,47
2026-09-21T15:45:00.000Z,13.7,60,6.1,13.7,6.5,7.2,202,29.75,0,910.2,643.5,6,21.2,47
2026-09-21T16:00:00.000Z,13.8,62,6.6,13.8,12.6,18.4,213,29.74,0,910.2,656.4,6,21.3,45
2026-09-21T16:15:00.000Z,14.1,59,6.2,14.1,12.6,16.6,190,29.73,0,910.2,665.3,6,21.5,45
2026-09-21T16:30:00.000Z,14.5,61,7.1,14.5,3.6,3.6,192,29.72,0,910.2,668.3,6,21.7,45
2026-09-21T16:45:00.000Z,14.8,60,7.1,14.8,9.4,11.2,191,29.71,0,910.2,672.7,6,22,44
2026-09-21T17:00:00.000Z,14.9,57,6.4,14.9,14,16.6,181,29.69,0,910.2,668.4,6,22.4,42
2026-09-21T17:15:00.000Z,15.1,54,5.9,15.1,14,22,236,29.69,0,910.2,662.9,6,22.8,40
2026-09-21T17:30:00.000Z,15.1,56,6.4,15.1,12.2,14.8,195,29.68,0,910.2,653,6,22.6,41
2026-09-21T17:45:00.000Z,15.3,54,6.1,15.3,9.4,11.2,199,29.67,0,910.2,639.4,6,22.6,41
2026-09-21T18:00:00.000Z,15.6,53,6.1,15.6,8.6,11.2,184,29.66,0,910.2,621.6,6,22.7,40
2026-09-21T18:15:00.000Z,15.7,57,7.2,15.7,4.7,5.4,173,29.66,0,910.2,606.4,5,23,40
2026-09-21T18:30:00.000Z,16.1,50,5.7,16.1,18.7,22,194,29.66,0,910.2,605,5,23.3,39
2026-09-21T18:45:00.000Z,15.8,49,5.1,15.8,10.4,13,222,29.66,0,910.2,553.6,5,22.8,37
2026-09-21T19:00:00.000Z,16.2,51,6.1,16.2,11.5,16.6,203,29.66,0,910.2,520.3,5,23,39
2026-09-21T19:15:00.000Z,16.2,51,6.1,16.2,9.7,11.2,198,29.66,0,910.2,489.2,4,23,38
2026-09-21T19:30:00.000Z,16.7,46,5.1,16.7,12.2,14.8,216,29.65,0,910.2,456.1,4,22.9,37
2026-09-21T19:45:00.000Z,16.7,45,4.7,16.7,15.8,20.2,197,29.65,0,910.2,409.4,3,22.8,36
2026-09-21T20:00:00.000Z,16.3,47,4.9,16.3,11.9,18.4,189,29.65,0,910.2,369.6,3,22.6,35
2026-09-21T20:15:00.000Z,16.2,44,3.9,16.2,11.9,13,199,29.64,0,910.2,324.2,3,22.4,34
2026-09-21T20:30:00.000Z,16,48,5,16,7.2,9.4,171,29.64,0,910.2,278.1,2,22.3,34
2026-09-21T20:45:00.000Z,15.7,44,3.5,15.7,20.5,25.6,190,29.64,0,910.2,232.7,2,22.3,33
2026-09-21T21:00:00.000Z,15.6,46,4.1,15.6,11.9,14.8,170,29.64,0,910.2,192.3,1,22.3,33
2026-09-21T21:15:00.000Z,15.3,44,3.1,15.3,12.6,14.8,188,29.64,0,910.2,144.4,1,22.1,33
2026-09-21T21:30:00.000Z,15.1,44,2.9,15.1,12.2,14.8,197,29.66,0,910.2,103.4,1,21.9,33
2026-09-21T21:45:00.000Z,14.9,43,2.4,14.9,13.7,14.8,195,29.65,0,910.2,63.3,0,21.8,32
2026-09-21T22:00:00.000Z,14.6,44,2.5,14.6,12.6,14.8,168,29.65,0,910.2,37,0,21.2,32
2026-09-21T22:15:00.000Z,14,47,2.9,14,11.2,13,204,29.65,0,910.2,21.9,0,18.8,35
2026-09-21T22:30:00.000Z,13.2,51,3.3,13.2,8.6,11.2,176,29.65,0,910.2,11.1,0,17.2,38
2026-09-21T22:45:00.000Z,12.8,50,2.6,12.8,7.2,11.2,167,29.66,0,910.2,2.9,0,16,39
2026-09-21T23:00:00.000Z,12.1,54,3.1,12.1,5.4,5.4,177,29.67,0,910.2,0.2,0,15.1,41
2026-09-21T23:15:00.000Z,11.5,55,2.8,11.5,5.4,7.2,205,29.66,0,910.2,0,0,14.3,42
2026-09-21T23:30:00.000Z,10.9,56,2.4,10.9,3.2,3.6,204,29.66,0,910.2,0,0,13.5,43
2026-09-21T23:45:00.000Z,11.2,55,2.5,11.2,2.9,3.6,194,29.65,0,910.2,0,0,13,44
2026-09-22T00:00:00.000Z,11.2,55,2.5,11.2,2.5,3.6,199,29.64,0,910.2,0,0,13,45
2026-09-22T00:15:00.000Z,11.2,56,2.8,11.2,6.1,7.2,191,29.64,0,910.2,0,0,13,46
2026-09-22T00:30:00.000Z,10.9,59,3.2,10.9,5.4,7.2,194,29.65,0,910.2,0,0,13.1,46
2026-09-22T00:45:00.000Z,10.7,58,2.8,10.7,3.6,5.4,193,29.65,0,910.2,0,0,13.1,47
2026-09-22T01:00:00.000Z,10.6,59,2.9,10.6,4,7.2,207,29.66,0,910.2,0,0,13.1,47
2026-09-22T01:15:00.000Z,10.6,59,2.9,10.6,4,5.4,237,29.66,0,910.2,0,0,13,47
2026-09-22T01:30:00.000Z,10.4,59,2.7,10.4,6.1,7.2,213,29.66,0,910.2,0,0,13,47
2026-09-22T01:45:00.000Z,10.4,60,2.9,10.4,5.4,5.4,201,29.65,0,910.2,0,0,12.9,47
2026-09-22T02:00:00.000Z,10.4,60,2.9,10.4,4,7.2,144,29.65,0,910.2,0,0,12.9,48
2026-09-22T02:15:00.000Z,10.4,61,3.2,10.4,2.9,3.6,153,29.64,0,910.2,0,0,12.9,48
2026-09-22T02:30:00.000Z,10.1,62,3.2,10.1,4,5.4,220,29.64,0,910.2,0,0,12.8,48
2026-09-22T02:45:00.000Z,10.1,62,3.2,10.1,2.5,3.6,188,29.64,0,910.2,0,0,12.7,49
2026-09-22T03:00:00.000Z,10,63,3.3,9.7,5,7.2,222,29.65,0,910.2,0,0,12.7,49
2026-09-22T03:15:00.000Z,9.9,65,3.6,9.9,3.2,3.6,262,29.65,0,910.2,0,0,12.6,49
2026-09-22T03:30:00.000Z,9.5,67,3.7,9.5,2.9,3.6,311,29.64,0,910.2,0,0,12.5,50
2026-09-22T03:45:00.000Z,9.6,67,3.8,9.6,3.6,5.4,235,29.64,0,910.2,0,0,12.4,50
2026-09-22T04:00:00.000Z,9.6,66,3.6,8.7,7.6,9.4,201,29.64,0,910.2,0,0,12.4,51
2026-09-22T04:15:00.000Z,9.4,68,3.8,8.7,6.5,9.4,191,29.63,0,910.2,0,0,12.4,51
2026-09-22T04:30:00.000Z,9.3,67,3.4,8.6,6.1,7.2,202,29.63,0,910.2,0,0,12.2,52
2026-09-22T04:45:00.000Z,9.1,69,3.7,9.1,4.7,5.4,220,29.63,0,910.2,0,0,12.2,52
2026-09-22T05:00:00.000Z,9.2,69,3.8,8.7,5.4,7.2,194,29.63,0,910.2,0,0,12.1,52
2026-09-22T05:15:00.000Z,9.2,68,3.6,9.2,3.6,3.6,180,29.62,0,910.2,0,0,12.1,52
2026-09-22T05:30:00.000Z,9.2,70,4.1,9.2,0.4,1.8,205,29.63,0,910.2,0,0,12.2,53
2026-09-22T05:45:00.000Z,9.2,70,4.1,7.8,9.4,11.2,188,29.62,0,910.2,0,0,12.2,53
2026-09-22T06:00:00.000Z,9,71,4.1,9,3.2,5.4,190,29.61,0,910.2,0,0,12.1,53
2026-09-22T06:15:00.000Z,9,71,4.1,8.4,5.8,7.2,191,29.62,0,910.2,0,0,12,54
2026-09-22T06:30:00.000Z,8.9,73,4.3,8.3,5.8,7.2,167,29.61,0,910.2,0,0,12,55
2026-09-22T06:45:00.000Z,8.7,75,4.6,8.7,4.7,5.4,165,29.61,0,910.2,0,0,11.9,55
2026-09-22T07:00:00.000Z,8.6,75,4.4,7.7,6.5,9.4,183,29.6,0,910.2,0,0,11.8,55
2026-09-22T07:15:00.000Z,8.5,75,4.3,7.6,6.5,7.2,178,29.6,0,910.2,0,0,11.7,56
2026-09-22T07:30:00.000Z,8.4,77,4.6,8.4,2.2,3.6,189,29.6,0,910.2,0,0,11.6,56
2026-09-22T07:45:00.000Z,8.3,77,4.5,8.3,2.5,3.6,198,29.59,0,910.2,0,0,11.6,56
2026-09-22T08:00:00.000Z,8.3,77,4.5,8.3,4,5.4,191,29.6,0,910.2,0,0,11.6,57
2026-09-22T08:15:00.000Z,8.3,77,4.5,8.3,4,5.4,206,29.6,0,910.2,0,0,11.5,57
2026-09-22T08:30:00.000Z,8.1,79,4.7,7.6,5,5.4,192,29.59,0,910.2,0,0,11.3,57
2026-09-22T08:45:00.000Z,8.2,79,4.8,8.2,4,7.2,206,29.59,0,910.2,0,0,11.2,58
2026-09-22T09:00:00.000Z,8.2,79,4.8,8.2,2.9,3.6,226,29.59,0,910.2,0,0,11.3,58
2026-09-22T09:15:00.000Z,8.2,80,5,8.2,1.1,1.8,255,29.59,0,910.2,0,0,11.4,59
2026-09-22T09:30:00.000Z,8.3,80,5.1,8.3,4.7,5.4,200,29.6,0,910.2,0,0,11.4,59
2026-09-22T09:45:00.000Z,8.2,81,5.2,8.2,2.2,3.6,235,29.6,0,910.2,0,0,11.4,59
2026-09-22T10:00:00.000Z,8,81,4.9,8,2.2,3.6,147,29.6,0,910.2,0,0,11.3,59
2026-09-22T10:15:00.000Z,7.6,83,4.9,7.6,0.4,1.8,134,29.6,0,910.2,0,0,11.1,60
2026-09-22T10:30:00.000Z,7.6,84,5.1,7.6,3.6,3.6,194,29.61,0,910.2,0.8,0,11,60
2026-09-22T10:45:00.000Z,7.6,84,5.1,7.6,0,0,184,29.61,0,910.2,6.6,0,10.9,61
2026-09-22T11:00:00.000Z,7.8,84,5.2,7.8,0,0,53,29.62,0,910.2,21.2,0,10.9,61
2026-09-22T11:15:00.000Z,7.6,84,5.1,6.8,5.8,7.2,190,29.62,0,910.2,34,0,10.9,61
2026-09-22T11:30:00.000Z,7.9,84,5.3,7.9,3.2,3.6,199,29.62,0,910.2,67.7,0,11,62
2026-09-22T11:45:00.000Z,8.5,81,5.4,8.5,3.2,3.6,205,29.62,0,910.2,79.6,0,11.9,62
2026-09-22T12:00:00.000Z,8.7,79,5.3,8.7,2.2,3.6,169,29.62,0,910.2,70.6,0,13,60
2026-09-22T12:15:00.000Z,8.8,80,5.5,8.8,1.1,1.8,107,29.62,0,910.2,109.9,1,13.4,58
2026-09-22T12:30:00.000Z,9.9,74,5.5,9.9,2.2,3.6,310,29.62,0,910.2,97,0,14.6,57
2026-09-22T12:45:00.000Z,10.4,74,5.9,10.4,2.5,3.6,249,29.62,0,910.2,254.3,2,15.5,55
2026-09-22T13:00:00.000Z,11.2,72,6.4,11.2,3.6,3.6,273,29.62,0,910.2,321,3,17,52
2026-09-22T13:15:00.000Z,11.2,73,6.6,11.2,1.8,3.6,220,29.63,0,910.2,401.3,3,18.2,49
2026-09-22T13:30:00.000Z,12.5,67,6.6,12.5,5.8,7.2,222,29.64,0,910.2,381.6,3,19.9,46
2026-09-22T13:45:00.000Z,12.1,66,5.9,12.1,4.3,5.4,224,29.64,0,910.2,260.1,2,20.4,44
2026-09-22T14:00:00.000Z,13,63,6.1,13,4,5.4,231,29.64,0,910.2,516.8,5,20.8,43
2026-09-22T14:15:00.000Z,13.6,60,6,13.6,1.1,1.8,111,29.63,0,910.2,500.8,4,21.5,42
2026-09-22T14:30:00.000Z,14.6,55,5.7,14.6,6.1,7.2,230,29.63,0,910.2,572.6,5,22.3,40
2026-09-22T14:45:00.000Z,14.4,54,5.2,14.4,2.5,3.6,190,29.62,0,910.2,437.7,4,23.3,39
2026-09-22T15:00:00.000Z,15.5,51,5.4,15.5,2.5,5.4,172,29.62,0,910.2,429.2,4,23.8,37
2026-09-22T15:15:00.000Z,16,54,6.7,16,3.2,3.6,254,29.61,0,910.2,644.7,6,24.4,36
2026-09-22T15:30:00.000Z,15.8,51,5.7,15.8,4,5.4,173,29.62,0,910.2,611.6,5,24.6,34
2026-09-22T15:45:00.000Z,16.8,46,5.1,16.8,8.6,11.2,184,29.59,0,910.2,627,6,24.5,34
2026-09-22T16:00:00.000Z,17.5,42,4.4,17.5,4,5.4,173,29.59,0,910.2,658.2,6,25.2,34
2026-09-22T16:15:00.000Z,18.7,37,3.7,18.7,5.8,7.2,171,29.59,0,910.2,663.8,6,26,32
2026-09-22T16:30:00.000Z,18.4,38,3.8,18.4,1.4,1.8,330,29.59,0,910.2,669.5,6,26.8,29
2026-09-22T16:45:00.000Z,19.3,35,3.4,19.3,4.3,5.4,278,29.59,0,910.2,671.8,6,27.5,28
2026-09-22T17:00:00.000Z,19,36,3.6,19,4.7,5.4,193,29.58,0,910.2,655.3,6,27.5,27
2026-09-22T17:15:00.000Z,19.3,36,3.8,19.3,5,7.2,264,29.57,0,910.2,661.1,6,27.8,25
2026-09-22T17:30:00.000Z,19.6,34,3.3,19.6,8.3,11.2,210,29.57,0,910.2,596.1,5,28,25
2026-09-22T17:45:00.000Z,19.6,38,4.9,19.6,4.7,5.4,180,29.55,0,910.2,601.8,5,28.3,25
2026-09-22T18:00:00.000Z,19.6,39,5.3,19.6,4.7,7.2,154,29.55,0,910.2,539.2,5,28.6,26
2026-09-22T18:15:00.000Z,19.7,34,3.4,19.7,4.7,5.4,81,29.54,0,910.2,378.6,3,28.8,26
2026-09-22T18:30:00.000Z,19.6,34,3.3,19.6,2.5,3.6,199,29.54,0,910.2,439.2,4,28.4,24
2026-09-22T18:45:00.000Z,19.9,35,4,19.9,3.2,3.6,262,29.53,0,910.2,378.4,3,28.4,25
2026-09-22T19:00:00.000Z,20,37,4.9,20,4,5.4,260,29.52,0,910.2,472.5,4,28.4,24
2026-09-22T19:15:00.000Z,20.7,34,4.3,20.7,5.4,7.2,209,29.51,0,910.2,416.3,4,28.9,24
2026-09-22T19:30:00.000Z,20.5,31,2.8,20.5,4,5.4,262,29.52,0,910.2,508.9,4,28.6,22
2026-09-22T19:45:00.000Z,20.3,30,2.2,20.3,7.2,9.4,251,29.53,0,910.2,319.8,3,28.7,23
2026-09-22T20:00:00.000Z,19.5,39,5.2,19.5,3.2,3.6,241,29.52,0,910.2,246.8,2,27.6,24
2026-09-22T20:15:00.000Z,19.7,43,6.8,19.7,2.9,5.4,204,29.52,0,910.2,220.7,2,27.1,27
2026-09-22T20:30:00.000Z,20.2,40,6.2,20.2,4.7,9.4,187,29.52,0,910.2,194.1,1,27.2,27
2026-09-22T20:45:00.000Z,19.5,45,7.3,19.5,5,5.4,197,29.5,0,910.2,137.8,1,26.6,28
2026-09-22T21:00:00.000Z,19.5,42,6.3,19.5,0.4,1.8,167,29.5,0,910.2,122.3,1,25.7,30
2026-09-22T21:15:00.000Z,19.4,43,6.5,19.4,1.4,1.8,316,29.5,0,910.2,94.9,0,25,31
2026-09-22T21:30:00.000Z,19.4,44,6.8,19.4,1.1,1.8,161,29.49,0,910.2,61.8,0,24.4,33
2026-09-22T21:45:00.000Z,18.9,45,6.7,18.9,0,0,142,29.49,0,910.2,33.1,0,23.8,32
2026-09-22T22:00:00.000Z,18.4,45,6.3,18.4,1.8,1.8,300,29.49,0,910.2,15.2,0,22.9,33
2026-09-22T22:15:00.000Z,17.5,56,8.6,17.5,3.6,5.4,316,29.49,0,910.2,8.1,0,21.8,37
2026-09-22T22:30:00.000Z,17,56,8.2,17,1.4,3.6,272,29.49,0,910.2,3.5,0,21,38
2026-09-22T22:45:00.000Z,16.7,57,8.2,16.7,5,7.2,206,29.5,0,910.2,0.7,0,20.4,40
2026-09-22T23:00:00.000Z,16.3,53,6.7,16.3,5.4,7.2,261,29.51,0,910.2,0.1,0,19.8,39
2026-09-22T23:15:00.000Z,16,52,6.2,16,8.3,9.4,226,29.52,0,910.2,0,0,19.3,39
2026-09-22T23:30:00.000Z,15.5,43,3,15.5,6.1,9.4,207,29.52,0,910.2,0,0,18.9,37
2026-09-22T23:45:00.000Z,15.1,43,2.6,15.1,2.2,3.6,288,29.51,0,910.2,0,0,18.5,36
2026-09-23T00:00:00.000Z,14.5,42,1.7,14.5,5.4,7.2,195,29.5,0,910.2,0,0,18,35
2026-09-23T00:15:00.000Z,14.1,43,1.7,14.1,2.2,3.6,209,29.49,0,910.2,0,0,17.6,35
2026-09-23T00:30:00.000Z,14,41,0.9,14,0,0,258,29.48,0,910.2,0,0,17.1,34
2026-09-23T00:45:00.000Z,13.5,41,0.5,13.5,0,0,61,29.47,0,910.2,0,0,16.7,34
2026-09-23T01:00:00.000Z,12.8,50,2.6,12.8,0,0,62,29.46,0,910.2,0,0,16.2,39
2026-09-23T01:15:00.000Z,13.1,44,1.2,13.1,1.4,1.8,303,29.48,0,910.2,0,0,15.9,37
2026-09-23T01:30:00.000Z,13.4,46,2,13.4,1.4,1.8,259,29.5,0,910.2,0,0,15.9,36
2026-09-23T01:45:00.000Z,13.3,49,2.8,13.3,0,0,19,29.52,0,910.2,0,0,15.9,37
2026-09-23T02:00:00.000Z,13.3,46,1.9,13.3,4.7,5.4,185,29.52,0,910.2,0,0,16,37
2026-09-23T02:15:00.000Z,13,48,2.3,13,4.7,5.4,218,29.53,0,910.2,0,0,16,37
2026-09-23T02:30:00.000Z,12.6,51,2.7,12.6,0.7,1.8,111,29.51,0,910.2,0,0,15.8,38
2026-09-23T02:45:00.000Z,12.2,57,3.9,12.2,1.4,1.8,313,29.52,0,910.2,0,0,15.6,40
2026-09-23T03:00:00.000Z,12,57,3.8,12,3.2,3.6,187,29.53,0,910.2,0,0,15.3,41
2026-09-23T03:15:00.000Z,11.9,60,4.4,11.9,0,0,45,29.52,0,910.2,0,0,15.1,43
2026-09-23T03:30:00.000Z,11.1,65,4.8,11.1,1.1,1.8,42,29.5,0,910.2,0,0,14.6,46
2026-09-23T03:45:00.000Z,10.5,69,5.1,10.5,0,0,43,29.5,0,910.2,0,0,14.3,48
2026-09-23T04:00:00.000Z,10.9,67,5,10.9,0,0,8,29.5,0,910.2,0,0,14.1,48
2026-09-23T04:15:00.000Z,10.8,66,4.7,10.8,0,0,14,29.5,0,910.2,0,0,13.9,50
2026-09-23T04:30:00.000Z,10.7,64,4.2,10.7,0.4,1.8,5,29.51,0,910.2,0,0,13.9,50
2026-09-23T04:45:00.000Z,11.2,62,4.2,11.2,0.4,1.8,353,29.5,0,910.2,0,0,14,49
2026-09-23T05:00:00.000Z,11.2,69,5.8,11.2,0,0,351,29.5,0,910.2,0,0,14.1,50
2026-09-23T05:15:00.000Z,11.2,66,5.1,11.2,0,0,4,29.5,0,910.2,0,0,14.2,49
2026-09-23T05:30:00.000Z,11.2,68,5.6,11.2,1.4,1.8,359,29.5,0,910.2,0,0,14.3,49
2026-09-23T05:45:00.000Z,11,69,5.6,11,0,0,0,29.5,0,910.2,0,0,14.4,50
2026-09-23T06:00:00.000Z,10.8,72,5.9,10.8,0,0,0,29.5,0,910.2,0,0,14.5,53
2026-09-23T06:15:00.000Z,10.8,76,6.7,10.8,0,0,35,29.5,0,910.2,0,0,14.5,54
2026-09-23T06:30:00.000Z,10.7,71,5.7,10.7,0.4,1.8,34,29.5,0,910.2,0,0,14.4,54
2026-09-23T06:45:00.000Z,10.7,77,6.8,10.7,2.5,3.6,65,29.5,0,910.2,0,0,14.3,54
2026-09-23T07:00:00.000Z,10.7,76,6.7,10.7,2.9,3.6,60,29.49,0,910.2,0,0,14.1,54
2026-09-23T07:15:00.000Z,10.6,75,6.4,10.6,0.7,1.8,44,29.48,0,910.2,0,0,13.8,54
2026-09-23T07:30:00.000Z,10.5,75,6.3,10.5,0.4,1.8,39,29.48,0,910.2,0,0,13.6,55
2026-09-23T07:45:00.000Z,10.5,75,6.3,10.5,2.2,3.6,20,29.48,0,910.2,0,0,13.6,55
2026-09-23T08:00:00.000Z,10.5,74,6.1,10.5,1.8,1.8,12,29.47,0,910.2,0,0,13.6,55
2026-09-23T08:15:00.000Z,10.6,74,6.2,10.6,1.8,1.8,347,29.47,0,910.2,0,0,13.6,55
2026-09-23T08:30:00.000Z,10.4,78,6.7,10.4,3.6,3.6,6,29.46,0,910.2,0,0,13.6,56
2026-09-23T08:45:00.000Z,10.4,76,6.3,10.4,7.9,9.4,312,29.46,0,910.2,0,0,13.5,56
2026-09-23T09:00:00.000Z,10.4,73,5.8,10.4,4,5.4,321,29.46,0,910.2,0,0,13.3,55
2026-09-23T09:15:00.000Z,10.2,73,5.6,10.2,2.2,3.6,297,29.46,0,910.2,0,0,13.3,55
2026-09-23T09:30:00.000Z,10.2,74,5.8,10.2,2.5,3.6,306,29.47,0,910.2,0,0,13.3,54
2026-09-23T09:45:00.000Z,10.2,74,5.8,10.2,2.2,3.6,355,29.46,0,910.2,0,0,13.4,54
2026-09-23T10:00:00.000Z,10.2,72,5.4,10.2,3.6,3.6,346,29.47,0,910.2,0,0,13.5,54
2026-09-23T10:15:00.000Z,10.2,74,5.8,10.2,3.6,5.4,287,29.48,0,910.2,0,0,13.4,54
2026-09-23T10:30:00.000Z,10.2,75,6,10.2,5,5.4,299,29.48,0,910.2,0.2,0,13.4,55
2026-09-23T10:45:00.000Z,10.3,75,6.1,10.3,2.9,3.6,351,29.49,0,910.2,1.3,0,13.3,55
2026-09-23T11:00:00.000Z,10.4,72,5.6,10.4,1.1,1.8,52,29.49,0,910.2,2.9,0,13.6,55
2026-09-23T11:15:00.000Z,10.4,74,5.9,10.4,2.2,3.6,111,29.5,0,910.2,7.4,0,13.7,55
2026-09-23T11:30:00.000Z,10.5,77,6.7,10.5,3.6,3.6,47,29.5,0,910.2,10.4,0,13.8,56
2026-09-23T11:45:00.000Z,10.4,78,6.7,10.4,2.9,3.6,74,29.51,0,910.2,15.8,0,13.8,57
2026-09-23T12:00:00.000Z,10.4,78,6.7,10.4,9.4,11.2,57,29.5,0,910.2,19.4,0,13.6,57
2026-09-23T12:15:00.000Z,10.3,79,6.8,10.3,8.6,11.2,67,29.5,0,910.2,26.6,0,13.5,58
2026-09-23T12:30:00.000Z,10.4,78,6.7,10.4,1.8,1.8,79,29.51,0,910.2,32.7,0,13.5,59
2026-09-23T12:45:00.000Z,10.7,77,6.8,10.7,0,0,79,29.52,0,910.2,45.7,0,13.9,58
2026-09-23T13:00:00.000Z,10.8,79,7.3,10.8,3.6,5.4,42,29.52,0,910.2,51.7,0,14.2,59
2026-09-23T13:15:00.000Z,10.9,79,7.4,10.9,0.7,1.8,43,29.52,0,910.2,56.1,0,14.6,58
2026-09-23T13:30:00.000Z,11.1,80,7.8,11.1,4.3,5.4,34,29.5,0,910.2,57.2,0,14.7,59
2026-09-23T13:45:00.000Z,11.3,78,7.6,11.3,3.6,3.6,2,29.51,0,910.2,46.8,0,14.8,59
2026-09-23T14:00:00.000Z,11.5,78,7.8,11.5,4.3,5.4,29,29.52,0,910.5,57.7,0,14.9,60
2026-09-23T14:15:00.000Z,11.5,75,7.2,11.5,2.2,3.6,24,29.51,0,910.5,76.3,0,15.1,58
2026-09-23T14:30:00.000Z,11.9,76,7.8,11.9,4.7,5.4,331,29.52,0,910.5,150,1,15.3,57
2026-09-23T14:45:00.000Z,12,76,7.9,12,5.8,7.2,20,29.52,0,910.5,78.2,0,15.7,56
2026-09-23T15:00:00.000Z,11.5,78,7.8,11.5,5,5.4,13,29.5,1.8,910.8,69.6,0,15.5,57
2026-09-23T15:15:00.000Z,11.5,80,8.2,11.5,6.5,7.2,14,29.5,0,910.8,108.1,1,15.3,58
2026-09-23T15:30:00.000Z,11.8,77,7.9,11.8,5.4,5.4,326,29.5,0,910.8,76.2,0,15.4,57
2026-09-23T15:45:00.000Z,12.2,75,7.9,12.2,6.1,7.2,309,29.5,0,910.8,213.3,2,15.9,58
2026-09-23T16:00:00.000Z,12.4,72,7.5,12.4,8.3,11.2,349,29.49,0,910.8,71.2,0,16.5,55
2026-09-23T16:15:00.000Z,12,73,7.3,12,6.5,7.2,10,29.49,0,910.8,54.2,0,16.2,54
2026-09-23T16:30:00.000Z,11.8,73,7.1,11.8,6.1,7.2,4,29.5,0,910.8,99.4,0,15.8,54
2026-09-23T16:45:00.000Z,11.9,72,7,11.9,11.2,13,13,29.48,1.2,911,112.8,1,15.7,55
2026-09-23T17:00:00.000Z,11.6,77,7.7,11.6,6.1,7.2,343,29.5,0,911,79.3,0,15.5,56
2026-09-23T17:15:00.000Z,11.7,77,7.8,11.7,1.8,1.8,25,29.5,0,911,79.8,0,15.4,57
2026-09-23T17:30:00.000Z,11.6,79,8.1,11.6,3.2,5.4,41,29.48,0,911.3,123.4,1,15.8,59
2026-09-23T17:45:00.000Z,11.6,80,8.3,11.6,4.7,7.2,42,29.48,0,911.3,130.1,1,16,58
2026-09-23T18:00:00.000Z,11.9,79,8.4,11.9,6.5,9.4,20,29.47,0,911.3,118,1,16,58
2026-09-23T18:15:00.000Z,12.3,78,8.6,12.3,9.4,11.2,358,29.47,0,911.3,113.5,1,16.2,58
2026-09-23T18:30:00.000Z,12.7,78,9,12.7,6.5,9.4,14,29.46,0,911.3,137,1,16.5,57
2026-09-23T18:45:00.000Z,12.8,76,8.7,12.8,4.7,7.2,35,29.47,0,911.3,73,0,16.6,57
2026-09-23T19:00:00.000Z,12.8,75,8.4,12.8,5,5.4,6,29.47,0,911.3,46.9,0,16.5,56
2026-09-23T19:15:00.000Z,12.7,74,8.2,12.7,4,5.4,1,29.47,0,911.3,53.8,0,16.4,56
2026-09-23T19:30:00.000Z,12.7,75,8.4,12.7,6.5,7.2,334,29.46,0,911.3,48.9,0,16.4,56
2026-09-23T19:45:00.000Z,12.7,75,8.4,12.7,6.5,7.2,334,29.46,0,911.3,48.9,0,16.4,56
2026-09-23T20:00:00.000Z,12.7,75,8.4,12.7,6.5,7.2,334,29.46,0,911.3,48.9,0,16.4,56
2026-09-23T20:15:00.000Z,12.7,75,8.4,12.7,6.5,7.2,334,29.46,0,911.3,48.9,0,16.4,56
2026-09-23T20:30:00.000Z,12.7,75,8.4,12.7,6.5,7.2,334,29.46,0,911.3,48.9,0,16.4,56
2026-09-23T20:45:00.000Z,12.7,75,8.4,12.7,6.5,7.2,334,29.46,0,911.3,48.9,0,16.4,56
2026-09-23T21:00:00.000Z,12.7,75,8.4,12.7,6.5,7.2,334,29.46,0,911.3,48.9,0,16.4,56
2026-09-23T21:15:00.000Z,12.7,75,8.4,12.7,6.5,7.2,334,29.46,0,911.3,48.9,0,16.4,56
2026-09-23T21:30:00.000Z,,,,,,,,,,,,,,
2026-09-23T21:45:00.000Z,,,,,,,,,,,,,,
2026-09-23T22:00:00.000Z,,,,,,,,,,,,,,
2026-09-23T22:15:00.000Z,,,,,,,,,,,,,,
2026-09-23T22:30:00.000Z,,,,,,,,,,,,,,
2026-09-23T22:45:00.000Z,,,,,,,,,,,,,,
2026-09-23T23:00:00.000Z,,,,,,,,,,,,,,
2026-09-23T23:15:00.000Z,,,,,,,,,,,,,,
2026-09-23T23:30:00.000Z,,,,,,,,,,,,,,
2026-09-23T23:45:00.000Z,,,,,,,,,,,,,,
2026-09-24T00:00:00.000Z,,,,,,,,,,,,,,
2026-09-24T00:15:00.000Z,,,,,,,,,,,,,,
2026-09-24T00:30:00.000Z,11.8,85,9.3,11.8,2.5,3.6,34,29.51,0,911.8,0,0,14.9,63
2026-09-24T00:45:00.000Z,11.8,86,9.5,11.8,3.6,3.6,16,29.51,1.2,912,0,0,14.8,64
2026-09-24T01:00:00.000Z,11.6,89,9.9,11.6,9.4,11.2,36,29.51,1.8,912.3,0,0,14.6,65
2026-09-24T01:15:00.000Z,11.4,90,9.8,11.4,4.7,7.2,53,29.51,3,912.8,0,0,14.4,66
2026-09-24T01:30:00.000Z,11.3,89,9.6,11.3,7.9,9.4,58,29.51,3.6,913.6,0,0,14.2,67
2026-09-24T01:45:00.000Z,11.3,84,8.7,11.3,9.7,11.2,45,29.5,0,913.6,0,0,14,66
2026-09-24T02:00:00.000Z,11.2,81,8.1,11.2,9.4,11.2,24,29.48,0,913.6,0,0,13.8,66
2026-09-24T02:15:00.000Z,11,84,8.4,11,6.5,7.2,32,29.49,0,913.6,0,0,13.6,66
2026-09-24T02:30:00.000Z,10.8,85,8.3,10.8,7.9,9.4,46,29.49,1.2,913.8,0,0,13.5,66
2026-09-24T02:45:00.000Z,10.8,87,8.7,10.8,5,7.2,42,29.48,0,913.8,0,0,13.5,67
2026-09-24T03:00:00.000Z,10.9,84,8.3,10.9,2.9,3.6,41,29.47,0,913.8,0,0,13.4,67
2026-09-24T03:15:00.000Z,10.8,84,8.2,10.8,10.4,14.8,26,29.46,0,913.8,0,0,13.4,66
2026-09-24T03:30:00.000Z,10.9,82,7.9,10.9,8.3,11.2,23,29.45,0,913.8,0,0,13.3,66
2026-09-24T03:45:00.000Z,11.2,79,7.7,11.2,10.1,13,11,29.45,0,913.8,0,0,13.4,65
2026-09-24T04:00:00.000Z,11.2,78,7.6,11.2,9,11.2,6,29.45,0,913.8,0,0,13.5,64
2026-09-24T04:15:00.000Z,11.1,79,7.6,11.1,6.1,7.2,3,29.45,0,913.8,0,0,13.5,63
2026-09-24T04:30:00.000Z,11,80,7.7,11,4,5.4,354,29.46,0,913.8,0,0,13.5,63
2026-09-24T04:45:00.000Z,10.9,82,7.9,10.9,6.5,7.2,353,29.45,0,913.8,0,0,13.6,63
2026-09-24T05:00:00.000Z,11,83,8.2,11,6.1,7.2,7,29.44,0,913.8,0,0,13.6,64
2026-09-24T05:15:00.000Z,10.7,85,8.3,10.7,6.1,7.2,7,29.44,0,913.8,0,0,13.6,65
2026-09-24T05:30:00.000Z,10.9,85,8.4,10.9,10.8,14.8,38,29.44,0,913.8,0,0,13.4,66
2026-09-24T05:45:00.000Z,11,85,8.6,11,9.4,13,14,29.44,0,913.8,0,0,13.3,67
2026-09-24T06:00:00.000Z,11.1,83,8.3,11.1,5.8,7.2,341,29.44,0,913.8,0,0,13.3,67
2026-09-24T06:15:00.000Z,11,84,8.4,11,9,11.2,4,29.43,0,913.8,0,0,13.3,67
2026-09-24T06:30:00.000Z,11.1,82,8.2,11.1,6.8,7.2,19,29.43,0,913.8,0,0,13.4,66
2026-09-24T06:45:00.000Z,11.1,83,8.3,11.1,5.4,7.2,34,29.41,0,913.8,0,0,13.5,66
2026-09-24T07:00:00.000Z,11.3,81,8.2,11.3,6.5,11.2,10,29.4,0,913.8,0,0,13.6,66
2026-09-24T07:15:00.000Z,11.5,79,8,11.5,7.9,11.2,13,29.41,0,913.8,0,0,13.8,65
2026-09-24T07:30:00.000Z,11.4,80,8.1,11.4,8.3,11.2,29,29.4,1.8,914.1,0,0,13.9,65
2026-09-24T07:45:00.000Z,11.4,83,8.6,11.4,4.3,5.4,9,29.4,0,914.1,0,0,13.8,65
2026-09-24T08:00:00.000Z,11.4,83,8.6,11.4,5,7.2,23,29.4,0,914.1,0,0,13.8,66
2026-09-24T08:15:00.000Z,11.3,83,8.5,11.3,4.7,7.2,6,29.4,1.2,914.3,0,0,13.8,66
2026-09-24T08:30:00.000Z,11.1,86,8.8,11.1,6.8,9.4,18,29.39,1.8,914.6,0,0,13.7,67
2026-09-24T08:45:00.000Z,11.3,84,8.7,11.3,9,11.2,9,29.38,0,914.6,0,0,13.5,67
2026-09-24T09:00:00.000Z,11.1,85,8.7,11.1,5.4,5.4,19,29.39,0,914.8,0,0,13.5,67
2026-09-24T09:15:00.000Z,11.2,82,8.3,11.2,12.6,16.6,29,29.38,0,914.8,0,0,13.5,67
2026-09-24T09:30:00.000Z,11.1,82,8.2,11.1,4.7,5.4,38,29.39,1.8,915.1,0,0,13.5,67
2026-09-24T09:45:00.000Z,10.8,86,8.6,10.8,4,5.4,347,29.42,1.2,915.3,0,0,13.4,67
2026-09-24T10:00:00.000Z,10.5,87,8.4,10.5,4.7,7.2,12,29.41,1.2,915.8,0,0,13.3,68
2026-09-24T10:15:00.000Z,10.4,86,8.2,10.4,9.4,14.8,30,29.39,1.8,916.1,0,0,13.1,68
2026-09-24T10:30:00.000Z,10.4,86,8.2,10.4,5.8,7.2,3,29.4,0,916.1,0.2,0,13,68
2026-09-24T10:45:00.000Z,10.5,86,8.3,10.5,12.6,14.8,2,29.4,0,916.1,1.1,0,12.9,69
2026-09-24T11:00:00.000Z,10.5,86,8.3,10.5,10.4,13,17,29.4,0,916.3,2.5,0,12.8,69
2026-09-24T11:15:00.000Z,10.6,87,8.6,10.6,4.3,7.2,8,29.4,1.8,916.6,4.4,0,12.9,69
2026-09-24T11:30:00.000Z,10.6,87,8.6,10.6,10.4,14.8,15,29.39,0,916.6,8.4,0,13,70
2026-09-24T11:45:00.000Z,10.9,88,9,10.9,9.4,11.2,36,29.39,0,916.9,9,0,13,70
2026-09-24T12:00:00.000Z,11,88,9.1,11,5,5.4,21,29.41,0,916.9,11.5,0,13.2,71
2026-09-24T12:15:00.000Z,11.2,89,9.5,11.2,7.9,11.2,22,29.41,0,916.9,14.9,0,13.4,71
2026-09-24T12:30:00.000Z,11.4,89,9.7,11.4,9.7,13,37,29.4,0,916.9,23.2,0,13.7,71
2026-09-24T12:45:00.000Z,11.5,88,9.6,11.5,6.5,9.4,19,29.41,0,916.9,20.9,0,13.9,71
2026-09-24T13:00:00.000Z,11.8,87,9.7,11.8,9.4,11.2,31,29.4,1.2,917.1,26.6,0,14.2,70
2026-09-24T13:15:00.000Z,11.4,88,9.5,11.4,5,7.2,18,29.4,0,917.1,26.4,0,14.3,70
2026-09-24T13:30:00.000Z,11.3,89,9.6,11.3,9.4,11.2,49,29.4,1.8,917.4,30.3,0,14.2,70
2026-09-24T13:45:00.000Z,11.2,91,9.8,11.2,10.8,16.6,26,29.39,1.8,917.9,38.6,0,14,70
2026-09-24T14:00:00.000Z,11.4,91,10,11.4,8.6,13,13,29.39,1.8,918.4,37.2,0,13.9,71
2026-09-24T14:15:00.000Z,11.8,91,10.3,11.8,18.7,22,359,29.39,3,919.1,45,0,14,72
2026-09-24T14:30:00.000Z,11.8,91,10.3,11.8,8.6,11.2,33,29.38,3,919.6,35.9,0,14.1,73
2026-09-24T14:45:00.000Z,11.7,91,10.3,11.7,11.5,13,41,29.38,3.6,920.2,49.4,0,14.1,73
2026-09-24T15:00:00.000Z,11.6,91,10.2,11.6,9.4,13,25,29.38,3,920.9,64.2,0,14.3,73
2026-09-24T15:15:00.000Z,11.7,91,10.3,11.7,5.4,5.4,26,29.39,4.2,921.9,84.6,0,14.4,72
2026-09-24T15:30:00.000Z,11.8,91,10.3,11.8,8.6,11.2,5,29.39,4.8,922.7,80.7,0,14.6,72
2026-09-24T15:45:00.000Z,11.9,90,10.3,11.9,13.3,16.6,31,29.39,1.8,923.2,117.3,1,14.7,72
2026-09-24T16:00:00.000Z,12.2,89,10.4,12.2,9.7,11.2,359,29.39,0,923.2,143.2,1,15,72
2026-09-24T16:15:00.000Z,12.7,89,10.9,12.7,7.2,9.4,8,29.39,0,923.2,255.3,2,15.9,72
2026-09-24T16:30:00.000Z,12.8,90,11.2,12.8,7.9,9.4,9,29.38,1.2,923.7,188,1,16.5,71
2026-09-24T16:45:00.000Z,13,89,11.2,13,9.4,11.2,12,29.38,0,923.7,169.5,1,16.7,70
2026-09-24T17:00:00.000Z,13.1,89,11.3,13.1,6.5,7.2,19,29.38,0,923.7,122.8,1,16.8,70
2026-09-24T17:15:00.000Z,13.2,89,11.4,13.2,5.4,5.4,12,29.37,1.8,924,125,1,16.7,70
2026-09-24T17:30:00.000Z,14.1,83,11.3,14.1,9.7,13,13,29.38,0,924,77.6,0,16.6,69
2026-09-24T17:45:00.000Z,14.1,84,11.4,14.1,15.1,20.2,337,29.37,3,924.5,146.4,1,16.6,69
2026-09-24T18:00:00.000Z,14.1,82,11.1,14.1,15.5,18.4,348,29.36,1.2,924.7,146,1,16.6,69
2026-09-24T18:15:00.000Z,14.5,80,11.1,14.5,16.2,22,24,29.36,0,924.7,109.9,1,16.7,68
2026-09-24T18:30:00.000Z,14.7,78,10.9,14.7,14,20.2,332,29.36,0,924.7,69,0,17,67
2026-09-24T18:45:00.000Z,15,78,11.2,15,11.2,18.4,8,29.34,0,924.7,130.6,1,17.3,66
2026-09-24T19:00:00.000Z,15.7,75,11.3,15.7,14.8,20.2,340,29.34,0,924.7,198.5,1,18,64
2026-09-24T19:15:00.000Z,16.1,74,11.5,16.1,10.4,13,5,29.34,0,924.7,118.8,1,18.7,62
2026-09-24T19:30:00.000Z,16,74,11.4,16,15.5,22,349,29.33,0,924.7,131.8,1,18.7,61
2026-09-24T19:45:00.000Z,15.8,75,11.4,15.8,14.4,20.2,9,29.33,0,924.7,40.6,0,18.5,61
2026-09-24T20:00:00.000Z,15.8,73,10.9,15.8,29.5,34.9,343,29.33,0,924.7,78.9,0,18.2,61
2026-09-24T20:15:00.000Z,15.7,75,11.3,15.7,16.6,22,353,29.32,0,924.7,55.1,0,18.1,61
2026-09-24T20:30:00.000Z,15.4,77,11.4,15.4,23,29.5,4,29.33,0,924.7,16.4,0,17.8,62
2026-09-24T20:45:00.000Z,15.4,79,11.8,15.4,17.6,22,331,29.34,0,924.7,18.6,0,17.6,64
2026-09-24T21:00:00.000Z,14.3,83,11.4,14.3,10.4,11.2,7,29.35,4.2,925.7,18.5,0,16.8,66
2026-09-24T21:15:00.000Z,13.8,86,11.5,13.8,10.8,13,344,29.36,7.8,927,21.6,0,16.4,68
2026-09-24T21:30:00.000Z,13.6,89,11.8,13.6,12.2,14.8,332,29.36,9,929.3,11.2,0,16.1,70
2026-09-24T21:45:00.000Z,13.3,91,11.8,13.3,9.7,13,300,29.36,9,931.3,19.4,0,15.9,71
2026-09-24T22:00:00.000Z,13.1,93,12,13.1,15.1,16.6,345,29.37,6.6,932.9,5,0,15.6,73
2026-09-24T22:15:00.000Z,13,94,12.1,13,11.9,13,344,29.38,16.8,936.2,10.3,0,15.4,73
2026-09-24T22:30:00.000Z,12.9,95,12.1,12.9,6.5,7.2,359,29.38,6,937.9,4.3,0,15.4,74
2026-09-24T22:45:00.000Z,12.9,95,12.1,12.9,7.9,9.4,0,29.39,4.8,939,1,0,15.5,74
2026-09-24T23:00:00.000Z,12.9,95,12.1,12.9,11.9,14.8,329,29.39,6,940.5,0.1,0,15.5,75
2026-09-24T23:15:00.000Z,12.9,95,12.1,12.9,9.7,13,4,29.4,1.8,941,0,0,15.4,75
2026-09-24T23:30:00.000Z,12.9,95,12.1,12.9,5.4,7.2,16,29.4,1.8,941.5,0,0,15.4,75
2026-09-24T23:45:00.000Z,12.9,96,12.3,12.9,12.2,14.8,355,29.4,0,941.5,0,0,15.5,75
2026-09-25T00:00:00.000Z,12.9,96,12.3,12.9,11.9,14.8,346,29.4,1.2,941.7,0,0,15.5,75
2026-09-25T00:15:00.000Z,13,96,12.4,13,11.2,13,346,29.4,0,941.7,0,0,15.4,75
2026-09-25T00:30:00.000Z,13,96,12.4,13,20.2,25.6,339,29.41,1.8,942.3,0,0,15.4,76
2026-09-25T00:45:00.000Z,13,96,12.4,13,11.5,14.8,335,29.41,1.2,942.5,0,0,15.3,76
2026-09-25T01:00:00.000Z,13,96,12.4,13,12.2,16.6,356,29.41,0,942.5,0,0,15.4,76
2026-09-25T01:15:00.000Z,13,96,12.4,13,17.3,23.8,9,29.43,0,942.5,0,0,15.3,76
2026-09-25T01:30:00.000Z,12.9,96,12.3,12.9,9.7,11.2,7,29.43,1.8,942.8,0,0,15.3,76
2026-09-25T01:45:00.000Z,12.9,96,12.3,12.9,13.3,16.6,21,29.43,1.8,943.3,0,0,15.3,76
2026-09-25T02:00:00.000Z,12.8,96,12.2,12.8,7.2,9.4,341,29.43,1.8,943.8,0,0,15.2,76
2026-09-25T02:15:00.000Z,12.8,96,12.2,12.8,11.9,13,9,29.43,1.2,944,0,0,15.2,76
2026-09-25T02:30:00.000Z,12.8,96,12.2,12.8,11.2,13,351,29.44,3,944.5,0,0,15.2,76
2026-09-25T02:45:00.000Z,12.5,96,11.9,12.5,8.3,9.4,40,29.44,3,945.3,0,0,15.3,76
2026-09-25T03:00:00.000Z,11.8,96,11.2,11.8,8.3,9.4,21,29.44,3,946.1,0,0,15,75
2026-09-25T03:15:00.000Z,11.6,96,11,11.6,6.1,7.2,31,29.46,4.8,947.1,0,0,14.7,75
2026-09-25T03:30:00.000Z,11.1,96,10.5,11.1,5.4,9.4,14,29.46,4.2,948.3,0,0,14.3,75
2026-09-25T03:45:00.000Z,10.9,96,10.3,10.9,11.9,14.8,11,29.45,3,949.4,0,0,13.9,75
2026-09-25T04:00:00.000Z,10.5,96,9.9,10.5,18,20.2,24,29.45,1.8,949.9,0,0,13.5,75
2026-09-25T04:15:00.000Z,10.3,96,9.7,10.3,12.2,18.4,16,29.45,4.8,950.9,0,0,13.2,75
2026-09-25T04:30:00.000Z,10.1,96,9.5,10.1,6.8,9.4,25,29.46,1.2,951.1,0,0,12.9,75
2026-09-25T04:45:00.000Z,10,96,9.4,9,7.9,9.4,8,29.45,4.8,951.9,0,0,12.8,75
2026-09-25T05:00:00.000Z,10,96,9.4,8.6,10.4,13,14,29.44,0,952.4,0,0,12.7,75
2026-09-25T05:15:00.000Z,10.1,95,9.3,10.1,9.7,16.6,9,29.45,0,952.4,0,0,12.7,75
2026-09-25T05:30:00.000Z,10.3,94,9.3,10.3,15.5,20.2,3,29.44,0,952.4,0,0,12.7,75
2026-09-25T05:45:00.000Z,10.6,91,9.2,10.6,5.4,7.2,5,29.45,0,952.4,0,0,12.8,75
2026-09-25T06:00:00.000Z,10.7,90,9.2,10.7,13,14.8,1,29.44,0,952.4,0,0,12.9,75
2026-09-25T06:15:00.000Z,10.9,88,9,10.9,11.2,13,359,29.44,0,952.4,0,0,13,74
2026-09-25T06:30:00.000Z,11,87,8.9,11,11.9,14.8,33,29.44,0,952.4,0,0,13.2,74
2026-09-25T06:45:00.000Z,11.1,87,9.1,11.1,11.2,14.8,7,29.43,0,952.4,0,0,13.3,74
2026-09-25T07:00:00.000Z,11.1,86,8.8,11.1,8.6,13,18,29.43,0,952.4,0,0,13.4,73
2026-09-25T07:15:00.000Z,11.3,85,8.8,11.3,9.7,13,14,29.43,0,952.4,0,0,13.5,73
2026-09-25T07:30:00.000Z,11.4,85,8.9,11.4,5.8,9.4,27,29.42,0,952.4,0,0,13.6,73
2026-09-25T07:45:00.000Z,11.5,83,8.7,11.5,11.5,14.8,33,29.42,0,952.4,0,0,13.7,72
2026-09-25T08:00:00.000Z,11.7,83,8.9,11.7,6.8,9.4,354,29.43,0,952.4,0,0,13.8,72
2026-09-25T08:15:00.000Z,11.7,82,8.8,11.7,16.9,20.2,23,29.42,0,952.4,0,0,13.9,71
2026-09-25T08:30:00.000Z,11.6,82,8.7,11.6,17.3,18.4,6,29.42,0,952.4,0,0,13.9,71
2026-09-25T08:45:00.000Z,11.7,81,8.6,11.7,9.7,13,359,29.42,0,952.4,0,0,13.9,70
2026-09-25T09:00:00.000Z,11.7,82,8.8,11.7,5.4,7.2,12,29.42,0,952.4,0,0,14,70
2026-09-25T09:15:00.000Z,11.8,82,8.8,11.8,6.1,7.2,352,29.43,0,952.4,0,0,14.1,69
2026-09-25T09:30:00.000Z,11.9,83,9.1,11.9,12.2,16.6,344,29.44,0,952.4,0,0,14.3,69
2026-09-25T09:45:00.000Z,11.9,82,8.9,11.9,5.4,5.4,342,29.44,0,952.4,0,0,14.4,69
2026-09-25T10:00:00.000Z,12,82,9,12,5.8,9.4,344,29.44,0,952.4,0,0,14.6,69
2026-09-25T10:15:00.000Z,12,81,8.8,12,11.2,13,1,29.45,0,952.4,0,0,14.7,68
2026-09-25T10:30:00.000Z,12.2,80,8.9,12.2,6.1,9.4,15,29.45,0,952.4,0.6,0,14.7,68
2026-09-25T10:45:00.000Z,11.8,84,9.2,11.8,4.7,5.4,11,29.45,0,952.4,4.1,0,14.6,68
2026-09-25T11:00:00.000Z,12,84,9.4,12,5.4,7.2,11,29.47,0,952.4,9.6,0,14.5,69
2026-09-25T11:15:00.000Z,12.2,84,9.6,12.2,8.3,9.4,12,29.46,0,952.4,20.4,0,14.7,69
2026-09-25T11:30:00.000Z,12.3,84,9.7,12.3,10.1,13,332,29.47,0,952.4,37.9,0,14.9,69
2026-09-25T11:45:00.000Z,12.6,83,9.8,12.6,6.5,7.2,0,29.48,0,952.4,33.9,0,15.3,68
2026-09-25T12:00:00.000Z,12.8,82,9.8,12.8,7.6,9.4,7,29.48,0,952.4,28.7,0,15.5,68
2026-09-25T12:15:00.000Z,12.8,82,9.8,12.8,4.7,5.4,321,29.48,0,952.4,28.7,0,15.5,67
2026-09-25T12:30:00.000Z,12.4,86,10.1,12.4,5.4,5.4,348,29.48,1.8,952.7,48,0,15.4,69
2026-09-25T12:45:00.000Z,12.2,88,10.3,12.2,6.1,7.2,1,29.49,1.2,952.9,78.5,0,15.4,70
2026-09-25T13:00:00.000Z,12.7,88,10.8,12.7,4.3,5.4,359,29.49,0,952.9,167,1,16,71
2026-09-25T13:15:00.000Z,13.2,85,10.8,13.2,6.1,7.2,350,29.48,0,952.9,140.8,1,16.9,69
2026-09-25T13:30:00.000Z,13.7,84,11.1,13.7,9,9.4,359,29.49,0,952.9,148.2,1,17.6,68
2026-09-25T13:45:00.000Z,13.8,84,11.1,13.8,13.7,18.4,350,29.49,0,952.9,117.7,1,17.8,66
2026-09-25T14:00:00.000Z,14,84,11.3,14,6.1,7.2,21,29.49,0,952.9,193.7,1,18.2,65
2026-09-25T14:15:00.000Z,14.3,83,11.4,14.3,9,11.2,6,29.49,0,952.9,170.6,1,18.7,65
2026-09-25T14:30:00.000Z,14.5,84,11.8,14.5,6.5,9.4,353,29.49,0,952.9,117.7,1,18.8,64
2026-09-25T14:45:00.000Z,14.8,83,11.9,14.8,9.4,13,319,29.5,0,952.9,197.1,1,19.1,64
2026-09-25T15:00:00.000Z,15.3,83,12.4,15.3,5.4,7.2,357,29.5,0,952.9,211.1,2,19.9,63
2026-09-25T15:15:00.000Z,15,84,12.3,15,7.9,9.4,359,29.5,0,952.9,169.7,1,20.3,63
2026-09-25T15:30:00.000Z,15.1,84,12.4,15.1,11.2,14.8,11,29.49,0,952.9,224.5,2,20.3,62
2026-09-25T15:45:00.000Z,15.5,83,12.6,15.5,7.6,9.4,34,29.48,0,952.9,202.1,1,20.8,61
2026-09-25T16:00:00.000Z,15.7,82,12.7,15.7,7.2,9.4,1,29.48,0,952.9,218.7,2,21,61
2026-09-25T16:15:00.000Z,16,80,12.6,16,7.2,9.4,2,29.48,0,952.9,251.8,2,21.3,60
2026-09-25T16:30:00.000Z,16.4,79,12.7,16.4,10.8,14.8,327,29.48,0,952.9,286.7,2,21.6,59
2026-09-25T16:45:00.000Z,15.9,84,13.2,15.9,6.5,9.4,355,29.48,1.8,953.2,178.7,1,21.6,60
2026-09-25T17:00:00.000Z,16.5,81,13.2,16.5,5.4,5.4,8,29.48,0,953.2,260.1,2,21.6,60
2026-09-25T17:15:00.000Z,17.5,81,14.2,17.5,12.2,14.8,346,29.47,0,953.2,514,5,22.7,59
2026-09-25T17:30:00.000Z,18.1,75,13.6,18.1,11.9,14.8,350,29.47,0,953.2,508.9,4,24.1,56
2026-09-25T17:45:00.000Z,18.2,75,13.7,18.2,8.6,11.2,17,29.47,0,953.2,409.5,3,24.9,54
2026-09-25T18:00:00.000Z,18.1,76,13.8,18.1,7.9,9.4,334,29.46,0,953.2,481.9,4,24.9,55
2026-09-25T18:15:00.000Z,18.3,75,13.8,18.3,6.5,7.2,357,29.46,0,953.2,288.1,2,25.7,53
2026-09-25T18:30:00.000Z,18.9,72,13.7,18.9,10.8,13,357,29.45,0,953.2,610.8,5,26.2,51
2026-09-25T18:45:00.000Z,19.3,71,13.9,19.3,12.2,14.8,18,29.45,0,953.2,198.2,1,27.4,50
2026-09-25T19:00:00.000Z,18.6,74,13.9,18.6,7.2,9.4,11,29.46,0,953.2,218.3,2,26.7,50
2026-09-25T19:15:00.000Z,18.1,76,13.8,18.1,4.7,7.2,5,29.45,1.2,953.4,74.6,0,25.5,51
2026-09-25T19:30:00.000Z,18.3,76,14,18.3,6.1,7.2,1,29.44,0,953.4,628.5,6,25,53
2026-09-25T19:45:00.000Z,18.4,77,14.3,18.4,1.1,1.8,29,29.45,0,953.4,158.6,1,25.7,51
2026-09-25T20:00:00.000Z,18.5,74,13.8,18.5,1.1,1.8,41,29.45,0,953.4,104.5,1,25.1,51
2026-09-25T20:15:00.000Z,18.2,76,13.9,18.2,4,5.4,298,29.46,0,953.4,88.4,0,24.4,52
2026-09-25T20:30:00.000Z,19,77,14.9,19,6.5,7.2,330,29.45,0,953.4,146.3,1,24.6,55
2026-09-25T20:45:00.000Z,18.3,83,15.3,18.3,2.2,3.6,282,29.46,7.8,955.2,129.4,1,24.7,60
2026-09-25T21:00:00.000Z,18.1,78,14.2,18.1,3.6,5.4,329,29.44,0,955.2,92.6,0,24.7,56
2026-09-25T21:15:00.000Z,17.6,83,14.7,17.6,0,0,10,29.45,0,955.2,104,1,23.7,56
2026-09-25T21:30:00.000Z,19.2,75,14.7,19.2,2.5,3.6,318,29.45,0,955.2,54.8,0,25.4,54
2026-09-25T21:45:00.000Z,18.1,80,14.6,18.1,0,0,357,29.44,0,955.2,47.3,0,24.7,53
2026-09-25T22:00:00.000Z,17.7,81,14.4,17.7,1.1,1.8,349,29.45,0,955.2,48.6,0,23.9,54
2026-09-25T22:15:00.000Z,17.1,82,14,17.1,1.1,1.8,346,29.44,0,955.2,24.5,0,22.9,56
2026-09-25T22:30:00.000Z,16.7,84,14,16.7,0,0,353,29.44,0,955.2,14.6,0,21.5,57
2026-09-25T22:45:00.000Z,16.1,86,13.8,16.1,0,0,21,29.44,0,955.2,4.6,0,20.5,59
2026-09-25T23:00:00.000Z,15.1,90,13.5,15.1,0,0,356,29.45,0,955.2,0.4,0,19.2,61
2026-09-25T23:15:00.000Z,15.2,92,13.9,15.2,1.8,1.8,319,29.45,0,955.2,0,0,18.2,64
2026-09-25T23:30:00.000Z,15,91,13.6,15,1.4,1.8,301,29.46,0,955.2,0,0,17.6,66
2026-09-25T23:45:00.000Z,14.9,90,13.3,14.9,0.4,1.8,269,29.46,0,955.2,0,0,17.3,67
2026-09-26T00:00:00.000Z,14.5,91,13.1,14.5,0,0,275,29.46,0,955.2,0,0,16.9,68
2026-09-26T00:15:00.000Z,14.2,91,12.8,14.2,0,0,276,29.46,0,955.2,0,0,16.5,68
2026-09-26T00:30:00.000Z,13.1,93,12,13.1,0,0,275,29.47,0,955.2,0,0,15.7,67
2026-09-26T00:45:00.000Z,12.6,94,11.7,12.6,0,0,69,29.47,0,955.2,0,0,15.1,68
2026-09-26T01:00:00.000Z,12.7,95,11.9,12.7,1.8,1.8,76,29.48,0,955.2,0,0,15,70
2026-09-26T01:15:00.000Z,12.7,95,11.9,12.7,0,0,85,29.48,0,955.2,0,0,15,71
2026-09-26T01:30:00.000Z,12.7,95,11.9,12.7,1.1,1.8,80,29.48,0,955.2,0,0,15.1,71
2026-09-26T01:45:00.000Z,12.5,95,11.7,12.5,1.4,1.8,68,29.49,0,955.2,0,0,15.1,71
2026-09-26T02:00:00.000Z,12.5,95,11.7,12.5,0,0,73,29.48,0,955.2,0,0,15.1,72
2026-09-26T02:15:00.000Z,12.2,95,11.4,12.2,0,0,60,29.49,0,955.2,0,0,15,71
2026-09-26T02:30:00.000Z,11.9,95,11.1,11.9,0,0,65,29.49,0,955.2,0,0,14.7,71
2026-09-26T02:45:00.000Z,11.8,96,11.2,11.8,0,0,62,29.48,0,955.2,0,0,14.4,71
2026-09-26T03:00:00.000Z,11.6,96,11,11.6,0,0,63,29.49,0,955.2,0,0,14.3,71
2026-09-26T03:15:00.000Z,11.6,96,11,11.6,0,0,25,29.47,0,955.2,0,0,14.3,72
2026-09-26T03:30:00.000Z,11.9,97,11.4,11.9,0.4,1.8,355,29.48,0,955.2,0,0,14.3,72
2026-09-26T03:45:00.000Z,12.4,97,11.9,12.4,0.4,1.8,316,29.47,0,955.2,0,0,14.5,73
2026-09-26T04:00:00.000Z,12.2,97,11.8,12.2,0,0,77,29.47,0,955.2,0,0,14.6,73
2026-09-26T04:15:00.000Z,11.8,97,11.3,11.8,0,0,78,29.47,0,955.2,0,0,14.3,72
2026-09-26T04:30:00.000Z,11.5,97,11.1,11.5,0,0,78,29.47,0,955.2,0,0,14.2,72
2026-09-26T04:45:00.000Z,11.1,96,10.5,11.1,0,0,78,29.47,0,955.2,0,0,13.9,72
2026-09-26T05:00:00.000Z,10.3,97,9.8,10.3,0,0,78,29.47,0,955.2,0,0,13.6,72
2026-09-26T05:15:00.000Z,10.7,97,10.3,10.7,0,0,77,29.46,0,955.2,0,0,13.3,72
2026-09-26T05:30:00.000Z,11.3,97,10.8,11.3,0,0,1,29.46,0,955.2,0,0,13.5,73
2026-09-26T05:45:00.000Z,11.6,97,11.2,11.6,0,0,63,29.46,0,955.2,0,0,13.9,74
2026-09-26T06:00:00.000Z,11.6,97,11.2,11.6,0.4,1.8,58,29.46,0,955.2,0,0,14.3,74
2026-09-26T06:15:00.000Z,11.9,97,11.4,11.9,1.1,1.8,69,29.46,0,955.2,0,0,14.7,74
2026-09-26T06:30:00.000Z,11.9,97,11.4,11.9,0,0,17,29.46,3,955.7,0,0,15,74
2026-09-26T06:45:00.000Z,12.1,97,11.7,12.1,0,0,14,29.46,4.8,956.5,0,0,15.2,74
2026-09-26T07:00:00.000Z,12.2,97,11.8,12.2,0,0,16,29.45,0,956.5,0,0,15.5,74
2026-09-26T07:15:00.000Z,12.2,97,11.8,12.2,0,0,9,29.46,0,956.5,0,0,15.6,74
2026-09-26T07:30:00.000Z,12.1,97,11.7,12.1,1.1,1.8,46,29.45,0,956.5,0,0,15.6,73
2026-09-26T07:45:00.000Z,12.2,97,11.8,12.2,0,0,33,29.45,0,956.5,0,0,15.7,74
2026-09-26T08:00:00.000Z,12.3,97,11.8,12.3,0,0,4,29.46,0,956.5,0,0,15.8,74
2026-09-26T08:15:00.000Z,12.1,97,11.7,12.1,0,0,5,29.44,0,956.5,0,0,15.7,73
2026-09-26T08:30:00.000Z,12,97,11.6,12,0,0,5,29.45,0,956.5,0,0,15.4,72
2026-09-26T08:45:00.000Z,11.8,97,11.3,11.8,0.4,1.8,63,29.44,0,956.5,0,0,15.3,72
2026-09-26T09:00:00.000Z,11.7,98,11.4,11.7,0,0,62,29.44,0,956.5,0,0,15.1,73
2026-09-26T09:15:00.000Z,11.8,98,11.5,11.8,0,0,60,29.45,0,956.5,0,0,15,73
2026-09-26T09:30:00.000Z,11.6,98,11.3,11.6,0,0,30,29.45,0,956.5,0,0,14.9,73
2026-09-26T09:45:00.000Z,11.8,98,11.5,11.8,0,0,30,29.46,0,956.5,0,0,15,73
2026-09-26T10:00:00.000Z,11.8,98,11.5,11.8,0,0,30,29.45,0,956.5,0,0,14.9,73
2026-09-26T10:15:00.000Z,11.6,98,11.3,11.6,1.8,1.8,31,29.46,0,956.5,0.1,0,14.7,73
2026-09-26T10:30:00.000Z,11.8,98,11.5,11.8,0,0,47,29.45,0,956.5,1.6,0,14.8,74
2026-09-26T10:45:00.000Z,11.9,98,11.6,11.9,1.1,1.8,348,29.47,0,956.5,5.8,0,14.9,74
2026-09-26T11:00:00.000Z,11.9,98,11.6,11.9,0,0,17,29.47,0,956.5,17.7,0,15.2,74
2026-09-26T11:15:00.000Z,12,98,11.7,12,0,0,40,29.47,0,956.5,24.1,0,15.5,74
2026-09-26T11:30:00.000Z,12.2,98,11.9,12.2,1.4,1.8,31,29.47,0,956.5,35.3,0,15.9,74
2026-09-26T11:45:00.000Z,12.2,98,11.9,12.2,2.9,3.6,34,29.48,0,956.5,58.4,0,16.2,73
2026-09-26T12:00:00.000Z,12.3,98,12,12.3,1.1,1.8,49,29.48,0,956.5,72.5,0,16.7,73
2026-09-26T12:15:00.000Z,12.6,98,12.3,12.6,3.2,3.6,36,29.48,0,956.5,88.8,0,17.2,72
2026-09-26T12:30:00.000Z,13,98,12.7,13,3.6,5.4,40,29.49,0,956.5,120,1,17.7,72
2026-09-26T12:45:00.000Z,13.5,97,13.1,13.5,5.4,7.2,23,29.49,0,956.5,199.3,1,18.4,72
2026-09-26T13:00:00.000Z,14.2,94,13.3,14.2,0,0,42,29.49,0,956.5,180,1,19.5,70
2026-09-26T13:15:00.000Z,14.4,91,12.9,14.4,4.7,5.4,15,29.49,0,956.5,122.8,1,20.2,68
2026-09-26T13:30:00.000Z,14.4,93,13.3,14.4,6.5,7.2,324,29.5,0,956.5,99.3,0,20.1,66
2026-09-26T13:45:00.000Z,14.3,92,13,14.3,2.9,3.6,339,29.49,0,956.5,113.6,1,19.8,65
2026-09-26T14:00:00.000Z,14.6,92,13.3,14.6,1.4,1.8,1,29.49,0,956.5,169.9,1,20,65
2026-09-26T14:15:00.000Z,16.5,87,14.3,16.5,1.4,1.8,31,29.49,0,956.5,331.8,3,21.5,66
2026-09-26T14:30:00.000Z,16.5,87,14.3,16.5,3.6,3.6,34,29.49,0,956.5,365.8,3,23.2,63
2026-09-26T14:45:00.000Z,17.1,85,14.6,17.1,6.5,7.2,14,29.49,0,956.5,349.7,3,24.6,60
2026-09-26T15:00:00.000Z,17.1,87,14.9,17.1,4.7,5.4,320,29.49,0,956.5,288.4,2,24.9,57
2026-09-26T15:15:00.000Z,16.8,85,14.2,16.8,5,7.2,323,29.49,0,956.5,230.4,2,24.6,56
2026-09-26T15:30:00.000Z,16.5,87,14.3,16.5,6.5,7.2,291,29.49,0,956.5,85.5,0,23.7,57
2026-09-26T15:45:00.000Z,16.3,87,14.1,16.3,2.9,3.6,331,29.49,0,956.5,293.7,2,22.9,58
2026-09-26T16:00:00.000Z,17.7,83,14.8,17.7,2.5,3.6,348,29.49,0,956.5,471.9,4,24.2,57
2026-09-26T16:15:00.000Z,18.3,82,15.2,18.3,6.5,7.2,17,29.49,0,956.5,370.2,3,25.6,56
2026-09-26T16:30:00.000Z,18.9,81,15.6,18.9,6.1,7.2,332,29.5,0,956.5,823.8,8,26.4,54
2026-09-26T16:45:00.000Z,19.1,80,15.6,19.1,7.6,9.4,8,29.49,0,956.5,379.2,3,27.8,51
2026-09-26T17:00:00.000Z,18.6,78,14.7,18.6,6.1,7.2,311,29.49,0,956.5,406.9,3,27.7,49
2026-09-26T17:15:00.000Z,19.3,78,15.3,19.3,9,11.2,351,29.48,0,956.5,417.6,4,27.7,49
2026-09-26T17:30:00.000Z,20,77,15.8,20,5.8,7.2,354,29.48,0,956.5,589.2,5,28.8,50
2026-09-26T17:45:00.000Z,20.5,74,15.7,20.5,1.1,1.8,48,29.48,0,956.5,485.8,4,30,47
2026-09-26T18:00:00.000Z,20.3,74,15.5,20.3,10.1,13,328,29.47,0,956.5,325.9,3,30.4,44
2026-09-26T18:15:00.000Z,20.2,71,14.8,20.2,1.4,1.8,354,29.47,0,956.5,159,1,29.9,43
2026-09-26T18:30:00.000Z,19.5,76,15.2,19.5,3.2,3.6,223,29.47,3,957,79.2,0,28.1,45
2026-09-26T18:45:00.000Z,17.4,88,15.4,17.4,0,0,69,29.47,19.8,961,287.3,2,24.7,53
2026-09-26T19:00:00.000Z,19.2,86,16.8,19.2,1.1,1.8,196,29.46,0,961,681.5,6,25.5,57
2026-09-26T19:15:00.000Z,20.1,77,15.9,20.1,5.4,7.2,211,29.46,0,961,591.9,5,27.3,53
2026-09-26T19:30:00.000Z,19.3,79,15.6,19.3,1.8,1.8,312,29.46,0,961,163.9,1,27.3,50
2026-09-28T05:00:00.000Z,12.8,97,12.3,12.8,3.6,3.6,150,29.55,1.2,966.9,0,0,16.3,72
2026-09-28T05:15:00.000Z,12.6,96,12,12.6,5,5.4,150,29.54,0,966.9,0,0,16.1,72
2026-09-28T05:30:00.000Z,12.4,94,11.4,12.4,0.4,1.8,90,29.54,0,966.9,0,0,15.8,72
2026-09-28T05:45:00.000Z,12.3,93,11.2,12.3,2.2,3.6,286,29.55,0,966.9,0,0,15.6,72
2026-09-28T06:00:00.000Z,12.2,93,11.1,12.2,1.4,1.8,124,29.54,0,966.9,0,0,15.6,72
2026-09-28T06:15:00.000Z,12.1,94,11.2,12.1,1.8,1.8,116,29.54,0,966.9,0,0,15.4,72
2026-09-28T06:30:00.000Z,12,94,11.1,12,1.4,1.8,159,29.53,0,966.9,0,0,15.2,72
2026-09-28T06:45:00.000Z,12,95,11.2,12,2.5,3.6,159,29.53,0,966.9,0,0,15.1,72
2026-09-28T07:00:00.000Z,11.8,95,11,11.8,0.4,1.8,82,29.53,0,966.9,0,0,15,72
2026-09-28T07:15:00.000Z,11.5,95,10.7,11.5,2.2,3.6,186,29.53,0,966.9,0,0,14.8,72
2026-09-28T07:30:00.000Z,11.5,95,10.7,11.5,0,0,359,29.52,0,966.9,0,0,14.8,73
2026-09-28T07:45:00.000Z,11.4,95,10.6,11.4,0,0,68,29.52,0,966.9,0,0,14.7,73
2026-09-28T08:00:00.000Z,11.3,96,10.7,11.3,0,0,92,29.51,0,966.9,0,0,14.6,72
2026-09-28T08:15:00.000Z,11.2,96,10.6,11.2,0,0,68,29.51,0,966.9,0,0,14.5,72
2026-09-28T08:30:00.000Z,11.1,96,10.5,11.1,0,0,56,29.51,0,966.9,0,0,14.4,73
2026-09-28T08:45:00.000Z,11.1,96,10.5,11.1,0,0,23,29.51,0,966.9,0,0,14.5,73
2026-09-28T09:00:00.000Z,11.2,96,10.6,11.2,0,0,178,29.51,0,966.9,0,0,14.6,73
2026-09-28T09:15:00.000Z,11.4,96,10.8,11.4,4.3,5.4,184,29.5,0,966.9,0,0,14.8,73
2026-09-28T09:30:00.000Z,11.3,96,10.7,11.3,0,0,30,29.51,0,966.9,0,0,14.7,72
2026-09-28T09:45:00.000Z,11.4,96,10.8,11.4,2.2,3.6,161,29.51,0,966.9,0,0,14.7,72
2026-09-28T10:00:00.000Z,11.6,96,11,11.6,1.1,1.8,100,29.51,0,966.9,0,0,14.8,73
2026-09-28T10:15:00.000Z,11.8,97,11.3,11.8,1.1,1.8,18,29.51,0,966.9,0.2,0,14.9,73
2026-09-28T10:30:00.000Z,12,97,11.6,12,1.8,1.8,197,29.52,0,966.9,1.8,0,15.2,74
2026-09-28T10:45:00.000Z,12,97,11.6,12,4,5.4,204,29.52,0,966.9,7.1,0,15.4,73
2026-09-28T11:00:00.000Z,12,97,11.6,12,4.3,5.4,201,29.52,0,966.9,19.4,0,15.5,73
2026-09-28T11:15:00.000Z,12,96,11.4,12,0.4,1.8,292,29.53,0,966.9,11.1,0,15.6,73
2026-09-28T11:30:00.000Z,11.9,96,11.3,11.9,4,5.4,155,29.54,0,966.9,16,0,15.6,72
2026-09-28T11:45:00.000Z,11.6,96,11,11.6,4,5.4,248,29.54,0,966.9,36.6,0,15.6,72
2026-09-28T12:00:00.000Z,11.2,96,10.6,11.2,5.4,7.2,207,29.55,0,966.9,63.2,0,15.5,71
2026-09-28T12:15:00.000Z,11.2,95,10.4,11.2,9.4,11.2,238,29.55,0,966.9,109.4,1,15.5,71
2026-09-28T12:30:00.000Z,11.4,95,10.6,11.4,1.8,1.8,187,29.56,0,966.9,53.1,0,15.9,70
2026-09-28T12:45:00.000Z,11.3,94,10.3,11.3,6.1,7.2,199,29.55,0,966.9,109.7,1,15.8,69
2026-09-28T13:00:00.000Z,11.2,94,10.3,11.2,2.9,3.6,255,29.56,0,966.9,62.9,0,16,69
2026-09-28T13:15:00.000Z,11.5,95,10.7,11.5,6.1,9.4,174,29.55,0,966.9,121.9,1,16.1,69
2026-09-28T13:30:00.000Z,11.7,93,10.6,11.7,4.7,5.4,235,29.56,0,966.9,160.2,1,16.7,68
2026-09-28T13:45:00.000Z,11.9,91,10.4,11.9,6.8,9.4,206,29.56,0,966.9,176.5,1,17.2,66
2026-09-28T14:00:00.000Z,12.3,91,10.8,12.3,5,5.4,166,29.57,0,966.9,289.2,2,17.7,66
2026-09-28T14:15:00.000Z,12.6,91,11.2,12.6,5,5.4,178,29.57,0,966.9,239.7,2,18.6,65
2026-09-28T14:30:00.000Z,13.4,85,10.9,13.4,6.1,7.2,183,29.57,0.0,966.9,757.6,7,19.5,63
2026-09-28T14:45:00.000Z,14.1,83,11.3,14.1,4.7,5.4,88,29.58,0.0,966.9,257.2,2,21.5,61
2026-09-28T15:00:00.000Z,14.8,80,11.4,14.8,9.7,11.2,214,29.59,0.0,966.9,654.9,6,22.7,57
2026-09-28T15:15:00.000Z,14.9,84,12.2,14.9,3.6,5.4,203,29.59,0.0,966.9,768.2,7,23.3,55
2026-09-28T15:30:00.000Z,15.7,77,11.7,15.7,7.2,9.4,229,29.58,0.0,966.9,202.7,1,24.2,52
2026-09-28T15:45:00.000Z,15.2,80,11.8,15.2,7.9,11.2,145,29.59,0.0,966.9,774.6,7,24.2,51
2026-09-28T16:00:00.000Z,16.1,76,11.9,16.1,11.9,13.0,221,29.59,0.0,966.9,220.5,2,24.2,50
2026-09-28T16:15:00.000Z,15.7,75,11.3,15.7,10.4,11.2,203,29.58,0.0,966.9,568.6,5,24.3,49
2026-09-28T16:30:00.000Z,16.3,75,11.8,16.3,9.4,11.2,194,29.59,0.0,966.9,719.3,7,24.5,49
2026-09-28T16:45:00.000Z,16.2,72,11.2,16.2,5.4,7.2,206,29.58,0.0,966.9,714.5,6,24.6,46
2026-09-28T17:00:00.000Z,16.8,63,9.7,16.8,3.6,5.4,253,29.58,0.0,966.9,702.9,6,25.4,45
2026-09-28T17:15:00.000Z,17.3,67,11.1,17.3,5.8,11.2,208,29.57,0.0,966.9,699.0,6,25.8,44
2026-09-28T17:30:00.000Z,17.9,67,11.7,17.9,2.2,3.6,334,29.58,0.0,966.9,433.9,4,26.3,43
2026-09-28T17:45:00.000Z,18.4,65,11.7,18.4,2.2,3.6,347,29.58,0.0,966.9,856.2,8,26.8,42
2026-09-28T18:00:00.000Z,18.4,63,11.2,18.4,2.2,3.6,108,29.57,0.0,966.9,623.1,6,27.4,41
2026-09-28T18:15:00.000Z,18.7,59,10.6,18.7,7.6,13.0,200,29.57,0.0,966.9,252.4,2,27.4,40
2026-09-28T18:30:00.000Z,17.9,64,11.0,17.9,6.8,9.4,303,29.56,0.0,966.9,401.6,3,26.8,38
2026-09-28T18:45:00.000Z,18.1,61,10.5,18.1,8.3,9.4,312,29.56,0.0,966.9,675.6,6,26.0,39
2026-09-28T19:00:00.000Z,18.5,55,9.3,18.5,4.0,5.4,214,29.55,0.0,966.9,624.5,6,26.5,39
2026-09-28T19:15:00.000Z,19.3,58,10.8,19.3,4.0,5.4,209,29.56,0.0,966.9,172.5,1,27.3,38
2026-09-28T19:30:00.000Z,17.6,60,9.8,17.6,0.7,1.8,350,29.55,0.0,966.9,152.7,1,25.5,39
2026-09-28T19:45:00.000Z,17.6,65,10.9,17.6,0.0,0.0,74,29.55,0.0,966.9,402.0,3,24.7,41
2026-09-28T20:00:00.000Z,18.8,58,10.3,18.8,5.4,7.2,245,29.55,0.0,966.9,441.3,4,25.4,42
2026-09-28T20:15:00.000Z,19.8,56,10.8,19.8,6.1,7.2,296,29.56,0.0,966.9,388.1,3,27.4,38
2026-09-28T20:30:00.000Z,18.1,56,9.2,18.1,4.0,5.4,271,29.56,0.0,966.9,139.0,1,26.7,36
2026-09-28T20:45:00.000Z,18.6,51,8.3,18.6,6.5,9.4,285,29.57,0.0,966.9,353.5,3,26.1,35
2026-09-28T21:00:00.000Z,18.6,52,8.6,18.6,4.0,5.4,238,29.57,0.0,966.9,252.3,2,26.3,35
2026-09-28T21:15:00.000Z,18.3,49,7.4,18.3,9.4,11.2,245,29.58,0.0,966.9,197.0,1,26.1,33
2026-09-28T21:30:00.000Z,18.6,53,8.8,18.6,6.1,9.4,283,29.58,0.0,966.9,123.3,1,26.7,33
2026-09-28T21:45:00.000Z,18.1,53,8.4,18.1,4.7,5.4,309,29.59,0.0,966.9,63.0,0,26.9,33
2026-09-28T22:00:00.000Z,17.1,62,9.8,17.1,11.5,14.8,285,29.59,0.0,966.9,39.0,0,24.2,36
2026-09-28T22:15:00.000Z,16.1,66,9.8,16.1,7.6,13.0,270,29.59,0.0,966.9,24.8,0,22.4,40
2026-09-28T22:30:00.000Z,15.0,68,9.2,15.0,2.9,5.4,232,29.60,0.0,966.9,16.0,0,19.6,43
2026-09-28T22:45:00.000Z,14.2,70,8.8,14.2,3.6,3.6,316,29.60,0.0,966.9,6.2,0,17.7,47
2026-09-28T23:00:00.000Z,13.6,71,8.4,13.6,1.8,1.8,284,29.60,0.0,966.9,0.7,0,16.4,50
2026-09-28T23:15:00.000Z,13.1,73,8.4,13.1,0.4,1.8,16,29.61,0.0,966.9,0.0,0,15.4,52
2026-09-28T23:30:00.000Z,12.6,75,8.3,12.6,0.7,1.8,22,29.62,0.0,966.9,0.0,0,14.5,55
2026-09-28T23:45:00.000Z,12.2,77,8.3,12.2,4.3,5.4,266,29.62,0.0,966.9,0.0,0,13.9,57
2026-09-29T00:00:00.000Z,11.9,78,8.2,11.9,2.2,3.6,308,29.62,0.0,966.9,0.0,0,13.5,59
2026-09-29T00:15:00.000Z,11.3,80,7.9,11.3,0.4,1.8,58,29.64,0.0,966.9,0.0,0,12.9,60
2026-09-29T00:30:00.000Z,10.1,84,7.6,10.1,0.0,0.0,48,29.64,0.0,966.9,0.0,0,12.0,61
2026-09-29T00:45:00.000Z,11.0,81,7.9,11.0,2.9,3.6,254,29.64,0.0,966.9,0.0,0,11.7,63
2026-09-29T01:00:00.000Z,10.7,80,7.4,10.7,0.0,0.0,10,29.65,0.0,966.9,0.0,0,11.5,64
2026-09-29T01:15:00.000Z,10.4,80,7.1,10.4,0.0,0.0,17,29.66,0.0,966.9,0.0,0,11.3,64
2026-09-29T01:30:00.000Z,9.4,83,6.7,9.4,0.0,0.0,17,29.67,0.0,966.9,0.0,0,10.8,64
2026-09-29T01:45:00.000Z,8.5,87,6.4,8.5,0.0,0.0,44,29.67,0.0,966.9,0.0,0,9.9,65
2026-09-29T02:00:00.000Z,8.7,87,6.7,8.7,0.0,0.0,27,29.68,0.0,966.9,0.0,0,9.4,66
2026-09-29T02:15:00.000Z,8.2,89,6.5,8.2,0.0,0.0,57,29.68,0.0,966.9,0.0,0,9.1,67
2026-09-29T02:30:00.000Z,7.8,91,6.4,7.8,0.0,0.0,75,29.68,0.0,966.9,0.0,0,8.7,68
2026-09-29T02:45:00.000Z,7.7,93,6.7,7.7,0.0,0.0,319,29.68,0.0,966.9,0.0,0,8.4,69
2026-09-29T03:00:00.000Z,7.6,93,6.6,7.6,0.0,0.0,6,29.68,0.0,966.9,0.0,0,8.3,70
2026-09-29T03:15:00.000Z,6.7,93,5.7,6.7,0.0,0.0,43,29.68,0.0,966.9,0.0,0,8.0,70
2026-09-29T03:30:00.000Z,7.2,94,6.3,7.2,0.0,0.0,12,29.68,0.0,966.9,0.0,0,7.7,71
2026-09-29T03:45:00.000Z,6.1,94,5.2,6.1,0.0,0.0,13,29.68,0.0,966.9,0.0,0,7.5,71
2026-09-29T04:00:00.000Z,6.4,95,5.7,6.4,0.0,0.0,11,29.68,0.0,966.9,0.0,0,7.2,71
2026-09-29T04:15:00.000Z,6.2,95,5.5,6.2,0.0,0.0,13,29.68,0.0,966.9,0.0,0,7.0,71
2026-09-29T04:30:00.000Z,5.8,95,5.1,5.8,0.0,0.0,13,29.67,0.0,966.9,0.0,0,6.8,72
2026-09-29T04:45:00.000Z,5.9,96,5.3,5.9,0.0,0.0,12,29.66,0.0,966.9,0.0,0,6.6,72
2026-09-29T05:00:00.000Z,6.0,96,5.4,6.0,0.0,0.0,12,29.66,0.0,966.9,0.0,0,6.5,73
2026-09-29T05:15:00.000Z,5.6,96,5.0,5.6,0.0,0.0,13,29.66,0.0,966.9,0.0,0,6.3,73
2026-09-29T05:30:00.000Z,4.9,96,4.3,4.9,0.0,0.0,13,29.65,0.0,966.9,0.0,0,6.0,72
2026-09-29T05:45:00.000Z,4.7,96,4.2,4.7,0.0,0.0,13,29.64,0.0,966.9,0.0,0,5.6,72
2026-09-29T06:00:00.000Z,5.3,97,4.8,5.3,0.0,0.0,13,29.64,0.0,966.9,0.0,0,5.4,73
2026-09-29T06:15:00.000Z,5.2,97,4.8,5.2,0.0,0.0,13,29.63,0.0,966.9,0.0,0,5.4,73
2026-09-29T06:30:00.000Z,4.4,97,3.9,4.4,0.0,0.0,13,29.62,0.0,966.9,0.0,0,5.2,73
2026-09-29T06:45:00.000Z,4.5,97,4.1,4.5,0.0,0.0,13,29.63,0.0,966.9,0.0,0,5.1,74
2026-09-29T07:00:00.000Z,4.7,97,4.3,4.7,0.0,0.0,13,29.62,0.0,966.9,0.0,0,5.2,74
2026-09-29T07:15:00.000Z,4.2,97,3.8,4.2,0.0,0.0,13,29.62,0.0,966.9,0.0,0,5.0,74
2026-09-29T07:30:00.000Z,4.3,97,3.8,4.3,0.0,0.0,13,29.61,0.0,966.9,0.0,0,4.8,73
2026-09-29T07:45:00.000Z,4.0,97,3.6,4.0,0.0,0.0,13,29.61,0.0,966.9,0.0,0,4.6,73
2026-09-29T08:00:00.000Z,3.7,97,3.3,3.7,0.0,0.0,13,29.61,0.0,966.9,0.0,0,4.4,73
2026-09-29T08:15:00.000Z,3.6,97,3.2,3.6,0.0,0.0,13,29.60,0.0,966.9,0.0,0,4.2,74
2026-09-29T08:30:00.000Z,4.0,97,3.6,4.0,0.0,0.0,13,29.60,0.0,966.9,0.0,0,4.3,74
2026-09-29T08:45:00.000Z,3.2,97,2.8,3.2,0.0,0.0,13,29.59,0.0,966.9,0.0,0,4.1,74
2026-09-29T09:00:00.000Z,2.9,98,2.6,2.9,0.0,0.0,13,29.59,0.0,966.9,0.0,0,3.9,74
2026-09-29T09:15:00.000Z,2.8,97,2.3,2.8,0.0,0.0,13,29.58,0.0,966.9,0.0,0,3.8,74
2026-09-29T09:30:00.000Z,3.2,98,2.9,3.2,0.0,0.0,68,29.58,0.0,966.9,0.0,0,3.6,74
2026-09-29T09:45:00.000Z,3.8,98,3.5,3.8,0.0,0.0,78,29.59,0.0,966.9,0.0,0,3.8,75
2026-09-29T10:00:00.000Z,3.3,98,3.0,3.3,0.0,0.0,78,29.58,0.0,966.9,0.0,0,3.8,75
2026-09-29T10:15:00.000Z,3.6,98,3.3,3.6,0.0,0.0,34,29.58,0.0,966.9,0.4,0,3.9,75
2026-09-29T10:30:00.000Z,4.4,98,4.1,4.4,0.0,0.0,48,29.58,0.0,966.9,4.3,0,4.4,77
2026-09-29T10:45:00.000Z,5.1,98,4.8,5.1,3.6,3.6,197,29.58,0.0,966.9,16.4,0,5.5,78
2026-09-29T11:00:00.000Z,5.4,98,5.1,5.4,4.7,5.4,199,29.58,0.0,966.9,33.7,0,6.5,78
2026-09-29T11:15:00.000Z,5.6,98,5.3,5.6,1.8,1.8,220,29.58,0.0,966.9,36.2,0,7.5,78
2026-09-29T11:30:00.000Z,5.6,98,5.3,5.6,3.2,3.6,194,29.58,0.0,966.9,53.0,0,8.0,77
2026-09-29T11:45:00.000Z,5.8,98,5.5,5.8,4.7,5.4,202,29.58,0.0,966.9,73.0,0,8.6,76
2026-09-29T12:00:00.000Z,6.3,98,6.0,6.3,1.8,3.6,109,29.57,0.0,966.9,100.2,0,9.5,76
2026-09-29T12:15:00.000Z,6.8,98,6.5,6.8,4.0,5.4,177,29.57,0.0,966.9,124.9,1,10.8,74
2026-09-29T12:30:00.000Z,7.2,97,6.8,7.2,4.3,5.4,163,29.56,0.0,966.9,138.1,1,11.8,72
2026-09-29T12:45:00.000Z,7.6,97,7.2,7.6,2.9,3.6,151,29.56,0.0,966.9,149.5,1,12.6,70
2026-09-29T13:00:00.000Z,8.3,94,7.4,8.3,2.5,3.6,202,29.55,0.0,966.9,177.9,1,13.4,68
2026-09-29T13:15:00.000Z,9.2,89,7.5,8.7,5.4,5.4,208,29.55,0.0,966.9,304.0,2,14.5,65
2026-09-29T13:30:00.000Z,10.1,87,8.1,10.1,5.4,9.4,212,29.55,0.0,966.9,299.3,2,15.8,63
2026-09-29T13:45:00.000Z,10.8,83,8.0,10.8,5.4,7.2,207,29.55,0.0,966.9,312.4,3,17.2,60
2026-09-29T14:00:00.000Z,11.0,83,8.2,11.0,5.4,9.4,225,29.54,0.0,966.9,353.5,3,18.0,57
2026-09-29T14:15:00.000Z,11.5,81,8.3,11.5,6.1,9.4,215,29.54,0.0,966.9,244.1,2,18.4,55
2026-09-29T14:30:00.000Z,11.9,78,8.2,11.9,10.4,13.0,199,29.53,0.0,966.9,275.9,2,18.6,54
2026-09-29T14:45:00.000Z,12.1,76,8.0,12.1,7.6,9.4,196,29.52,0.0,966.9,296.7,2,18.6,53
2026-09-29T15:00:00.000Z,12.9,75,8.6,12.9,10.8,13.0,190,29.51,0.0,966.9,391.2,3,19.1,53
2026-09-29T15:15:00.000Z,13.6,72,8.7,13.6,6.1,7.2,227,29.51,0.0,966.9,402.5,3,19.8,52
2026-09-29T15:30:00.000Z,13.7,72,8.8,13.7,10.4,13.0,197,29.50,0.0,966.9,420.7,4,20.4,50
2026-09-29T15:45:00.000Z,13.9,69,8.3,13.9,8.6,11.2,285,29.51,0.0,966.9,411.8,4,20.8,48
2026-09-29T16:00:00.000Z,14.2,70,8.8,14.2,2.9,5.4,184,29.50,0.0,966.9,392.9,3,21.3,46
2026-09-29T16:15:00.000Z,14.1,69,8.5,14.1,6.5,7.2,170,29.50,0.0,966.9,340.0,3,21.1,47
2026-09-29T16:30:00.000Z,15.1,68,9.3,15.1,7.9,9.4,160,29.49,0.0,966.9,458.2,4,21.7,47
2026-09-29T16:45:00.000Z,15.2,67,9.2,15.2,1.4,1.8,208,29.50,0.0,966.9,432.9,4,22.7,44
2026-09-29T17:00:00.000Z,15.5,67,9.4,15.5,2.9,3.6,189,29.49,0.0,966.9,415.6,4,23.2,43
2026-09-29T17:15:00.000Z,15.3,64,8.5,15.3,6.5,9.4,185,29.48,0.0,966.9,338.4,3,23.2,43
2026-09-29T17:30:00.000Z,15.4,67,9.3,15.4,2.2,3.6,229,29.48,0.0,966.9,281.6,2,23.1,43
2026-09-29T17:45:00.000Z,15.4,65,8.8,15.4,6.5,7.2,301,29.47,0.0,966.9,257.4,2,22.8,42
2026-09-29T18:00:00.000Z,15.2,64,8.4,15.2,4.3,5.4,201,29.47,0.0,966.9,243.5,2,22.4,42
2026-09-29T18:15:00.000Z,15.3,62,8.1,15.3,4.7,7.2,276,29.48,0.0,966.9,217.5,2,22.1,42
2026-09-29T18:30:00.000Z,15.4,63,8.4,15.4,4.0,5.4,253,29.47,0.0,966.9,274.7,2,22.0,43
2026-09-29T18:45:00.000Z,16.1,61,8.6,16.1,4.7,5.4,222,29.47,0.0,966.9,290.1,2,22.7,42
2026-09-29T19:00:00.000Z,15.7,57,7.2,15.7,2.9,3.6,220,29.46,0.0,966.9,260.7,2,23.2,40
2026-09-29T19:15:00.000Z,16.1,61,8.6,16.1,8.6,9.4,265,29.47,0.0,966.9,215.0,2,23.2,40
2026-09-29T19:30:00.000Z,15.6,62,8.4,15.6,4.0,5.4,265,29.47,0.0,966.9,194.9,1,22.3,40
2026-09-29T19:45:00.000Z,15.5,63,8.5,15.5,4.7,5.4,273,29.46,0.0,966.9,232.2,2,21.9,41
2026-09-29T20:00:00.000Z,16.1,57,7.6,16.1,4.0,5.4,293,29.47,0.0,966.9,356.4,3,22.4,41
2026-09-29T20:15:00.000Z,16.6,59,8.6,16.6,4.7,5.4,310,29.48,0.0,966.9,158.2,1,24.0,39
2026-09-29T20:30:00.000Z,15.9,54,6.6,15.9,6.1,7.2,279,29.47,0.0,966.9,189.7,1,23.1,38
2026-09-29T20:45:00.000Z,15.4,56,6.7,15.4,6.1,7.2,204,29.48,0.0,966.9,92.2,0,21.9,37
2026-09-29T21:00:00.000Z,14.8,58,6.6,14.8,1.8,1.8,339,29.48,0.0,966.9,61.2,0,20.2,39
2026-09-29T21:15:00.000Z,14.7,59,6.8,14.7,1.4,1.8,1,29.46,0.0,966.9,40.7,0,19.2,42
2026-09-29T21:30:00.000Z,14.5,62,7.3,14.5,0.0,0.0,349,29.47,0.0,966.9,28.9,0,18.4,44
2026-09-29T21:45:00.000Z,14.3,65,7.8,14.3,0.0,0.0,45,29.47,0.0,966.9,36.0,0,17.9,48
2026-09-29T22:00:00.000Z,14.2,64,7.5,14.2,0.0,0.0,31,29.48,0.0,966.9,28.3,0,17.4,50
2026-09-29T22:15:00.000Z,14.0,69,8.4,14.0,0.0,0.0,40,29.48,0.0,966.9,19.1,0,17.1,53
2026-09-29T22:30:00.000Z,13.7,73,9.0,13.7,0.0,0.0,1,29.48,0.0,966.9,6.3,0,16.6,54
2026-09-29T22:45:00.000Z,13.4,71,8.2,13.4,3.2,3.6,355,29.49,0.0,966.9,2.8,0,16.1,54
2026-09-29T23:00:00.000Z,13.2,76,9.1,13.2,3.6,3.6,306,29.50,0.0,966.9,0.6,0,15.7,55
2026-09-29T23:15:00.000Z,12.4,81,9.2,12.4,4.0,5.4,330,29.49,0.0,966.9,0.0,0,15.0,58
2026-09-29T23:30:00.000Z,11.7,82,8.8,11.7,6.1,7.2,307,29.50,0.0,966.9,0.0,0,14.1,60
2026-09-29T23:45:00.000Z,11.1,82,8.2,11.1,1.4,1.8,333,29.50,0.0,966.9,0.0,0,13.3,61
2026-09-30T00:00:00.000Z,10.9,83,8.1,10.9,7.9,9.4,295,29.51,0.0,966.9,0.0,0,12.8,63
2026-09-30T00:15:00.000Z,11.0,81,7.9,11.0,6.1,7.2,277,29.52,0.0,966.9,0.0,0,12.7,63
2026-09-30T00:30:00.000Z,10.9,80,7.6,10.9,1.8,1.8,330,29.53,0.0,966.9,0.0,0,12.7,63
2026-09-30T00:45:00.000Z,10.7,81,7.6,10.7,4.0,5.4,303,29.53,0.0,966.9,0.0,0,12.7,63
2026-09-30T01:00:00.000Z,10.6,81,7.5,10.6,1.4,1.8,331,29.53,0.0,966.9,0.0,0,12.5,63
2026-09-30T01:15:00.000Z,10.4,82,7.4,10.4,1.8,1.8,311,29.53,0.0,966.9,0.0,0,12.3,64
2026-09-30T01:30:00.000Z,10.3,82,7.3,10.3,1.4,1.8,21,29.52,0.0,966.9,0.0,0,12.4,64
2026-09-30T01:45:00.000Z,10.1,84,7.6,10.1,0.0,0.0,55,29.51,0.0,966.9,0.0,0,12.3,65
2026-09-30T02:00:00.000Z,9.8,86,7.6,9.8,0.0,0.0,6,29.52,0.0,966.9,0.0,0,12.1,66
2026-09-30T02:15:00.000Z,9.7,88,7.8,9.7,1.8,1.8,333,29.53,0.0,966.9,0.0,0,12.0,66
2026-09-30T02:30:00.000Z,9.6,89,7.9,9.6,0.0,0.0,359,29.54,0.0,966.9,0.0,0,11.9,67
2026-09-30T02:45:00.000Z,9.6,89,7.9,9.6,0.0,0.0,358,29.53,0.0,966.9,0.0,0,12.0,68
2026-09-30T03:00:00.000Z,9.8,89,8.1,9.8,0.0,0.0,64,29.54,0.0,966.9,0.0,0,12.0,68
2026-09-30T03:15:00.000Z,9.5,90,7.9,9.5,2.2,3.6,94,29.52,0.0,966.9,0.0,0,12.0,68
2026-09-30T03:30:00.000Z,9.4,91,8.0,9.4,0.0,0.0,36,29.54,0.0,966.9,0.0,0,12.0,69
2026-09-30T03:45:00.000Z,9.3,91,7.9,9.3,0.0,0.0,59,29.54,0.0,966.9,0.0,0,11.8,69
2026-09-30T04:00:00.000Z,9.3,91,7.9,9.3,0.0,0.0,29,29.54,0.0,966.9,0.0,0,11.9,69
2026-09-30T04:15:00.000Z,9.2,92,8.0,9.2,0.0,0.0,29,29.55,0.0,966.9,0.0,0,11.9,69
2026-09-30T04:30:00.000Z,9.5,92,8.3,9.5,4.0,5.4,87,29.54,0.0,966.9,0.0,0,12.0,70
2026-09-30T04:45:00.000Z,9.6,91,8.2,9.3,5.0,7.2,116,29.52,0.0,966.9,0.0,0,11.8,70
2026-09-30T05:00:00.000Z,9.8,89,8.1,9.8,3.6,3.6,5,29.55,0.0,966.9,0.0,0,11.8,70
2026-09-30T05:15:00.000Z,9.9,88,8.0,9.9,2.5,3.6,96,29.54,0.0,966.9,0.0,0,12.0,70
2026-09-30T05:30:00.000Z,9.6,90,8.1,9.1,5.8,7.2,110,29.52,0.0,966.9,0.0,0,12.1,69
2026-09-30T05:45:00.000Z,9.5,90,7.9,9.5,2.9,3.6,130,29.51,0.0,966.9,0.0,0,11.9,70
2026-09-30T06:00:00.000Z,9.6,90,8.1,9.6,3.6,3.6,353,29.52,0.0,966.9,0.0,0,11.9,70
2026-09-30T06:15:00.000Z,9.5,90,7.9,9.5,0.0,0.0,34,29.52,0.0,966.9,0.0,0,11.9,70
2026-09-30T06:30:00.000Z,9.5,90,7.9,9.5,2.9,3.6,1,29.53,0.0,966.9,0.0,0,11.9,70
2026-09-30T06:45:00.000Z,9.6,90,8.1,9.6,0.0,0.0,14,29.52,0.0,966.9,0.0,0,12.0,70
2026-09-30T07:00:00.000Z,9.5,90,7.9,9.5,3.2,3.6,39,29.51,0.0,966.9,0.0,0,11.9,70
2026-09-30T07:15:00.000Z,9.5,90,7.9,9.5,2.9,3.6,359,29.52,0.0,966.9,0.0,0,12.0,70
2026-09-30T07:30:00.000Z,9.7,90,8.2,9.7,3.6,3.6,9,29.52,0.0,966.9,0.0,0,11.9,70
2026-09-30T07:45:00.000Z,9.7,90,8.2,9.7,1.4,1.8,46,29.52,0.0,966.9,0.0,0,11.9,71
2026-09-30T08:00:00.000Z,9.6,88,7.7,9.3,5.0,7.2,18,29.51,1.2,967.4,0.0,0,11.7,71
2026-09-30T08:15:00.000Z,9.5,91,8.1,9.5,4.7,5.4,30,29.51,1.8,967.7,0.0,0,11.5,72
2026-09-30T08:30:00.000Z,9.8,85,7.4,8.8,7.9,11.2,343,29.51,0.0,967.9,0.0,0,11.5,71
2026-09-30T08:45:00.000Z,9.6,85,7.2,9.0,6.1,7.2,355,29.51,1.8,968.2,0.0,0,11.3,70
2026-09-30T09:00:00.000Z,9.4,87,7.3,8.3,7.9,9.4,330,29.51,1.8,968.7,0.0,0,11.1,71
2026-09-30T09:15:00.000Z,9.3,90,7.7,7.8,9.7,13.0,11,29.52,1.8,969.0,0.0,0,11.0,72
2026-09-30T09:30:00.000Z,9.2,91,7.8,8.3,7.2,11.2,30,29.52,1.2,969.2,0.0,0,10.9,73
2026-09-30T09:45:00.000Z,9.1,91,7.7,8.1,7.6,11.2,32,29.52,3.0,970.0,0.0,0,10.9,73
2026-09-30T10:00:00.000Z,9.1,89,7.4,8.0,7.9,11.2,36,29.53,1.8,970.5,0.0,0,10.8,73
2026-09-30T10:15:00.000Z,9.0,90,7.4,8.0,7.2,9.4,2,29.53,0.0,970.5,0.1,0,10.8,73
2026-09-30T10:30:00.000Z,8.9,90,7.3,7.7,7.9,11.2,354,29.53,1.2,970.7,0.9,0,10.7,74
2026-09-30T10:45:00.000Z,9.1,90,7.6,8.3,6.5,9.4,6,29.54,0.0,970.7,1.9,0,10.6,74
2026-09-30T11:00:00.000Z,9.1,91,7.7,8.1,7.6,11.2,30,29.54,1.8,971.0,3.6,0,10.7,74
2026-09-30T11:15:00.000Z,9.1,91,7.7,8.3,6.5,7.2,359,29.54,0.0,971.0,13.2,0,10.8,75
2026-09-30T11:30:00.000Z,9.3,91,7.9,7.5,11.5,13.0,27,29.54,0.0,971.0,16.7,0,11.0,75
2026-09-30T11:45:00.000Z,9.4,91,8.0,8.2,8.3,9.4,35,29.55,1.2,971.2,31.2,0,11.1,75
2026-09-30T12:00:00.000Z,9.5,91,8.1,8.8,6.5,9.4,10,29.56,3.0,971.7,9.4,0,11.3,74
2026-09-30T12:15:00.000Z,9.5,90,7.9,8.3,8.6,11.2,1,29.57,4.8,972.5,23.4,0,11.3,74
2026-09-30T12:30:00.000Z,9.5,91,8.1,7.8,11.5,13.0,5,29.57,1.2,973.0,32.8,0,11.2,75
2026-09-30T12:45:00.000Z,9.2,88,7.3,6.8,15.8,20.2,346,29.57,1.2,973.5,26.1,0,11.2,74
2026-09-30T13:00:00.000Z,9.1,90,7.6,6.9,14.4,14.8,348,29.58,1.2,974.0,53.3,0,11.1,74
2026-09-30T13:15:00.000Z,9.1,90,7.6,8.0,7.9,9.4,19,29.59,0.0,974.3,31.1,0,11.1,74
2026-09-30T13:30:00.000Z,9.2,91,7.8,8.1,7.9,9.4,11,29.59,3.0,975.3,37.5,0,11.2,75
2026-09-30T13:45:00.000Z,9.2,90,7.7,9.2,2.2,3.6,337,29.61,7.2,976.8,29.8,0,11.2,74
2026-09-30T14:00:00.000Z,9.2,91,7.8,8.4,6.5,7.2,8,29.62,7.2,978.3,35.4,0,10.9,75
2026-09-30T14:15:00.000Z,9.2,91,7.8,8.4,6.5,9.4,41,29.62,9.0,980.4,58.9,0,11.1,76
2026-09-30T14:30:00.000Z,9.3,90,7.7,8.6,6.1,7.2,32,29.60,3.0,981.1,69.5,0,11.2,75
2026-09-30T14:45:00.000Z,9.6,91,8.2,9.6,1.8,3.6,62,29.61,0.0,981.4,91.4,0,11.6,76
2026-09-30T15:00:00.000Z,9.9,89,8.2,8.9,7.6,9.4,38,29.61,0.0,981.4,80.4,0,12.2,75
2026-09-30T15:15:00.000Z,9.8,89,8.1,8.4,9.7,11.2,334,29.61,4.2,982.4,70.5,0,12.3,74
2026-09-30T15:30:00.000Z,9.9,89,8.2,9.1,7.2,9.4,24,29.62,6.0,983.4,114.1,1,12.6,74
2026-09-30T15:45:00.000Z,9.9,89,8.2,7.9,13.7,16.6,13,29.61,3.0,984.2,142.6,1,12.6,74
2026-09-30T16:00:00.000Z,10.2,88,8.3,10.2,13.7,18.4,25,29.61,0.0,984.2,225.7,2,13.1,73
2026-09-30T16:15:00.000Z,10.6,84,8.0,10.6,14.8,20.2,16,29.61,0.0,984.2,191.1,1,13.6,72
2026-09-30T16:30:00.000Z,10.7,85,8.3,10.7,6.5,11.2,348,29.62,0.0,984.2,103.6,1,14.0,71
2026-09-30T16:45:00.000Z,10.7,86,8.5,10.7,5.4,7.2,278,29.62,1.2,984.4,102.7,1,14.0,70
2026-09-30T17:00:00.000Z,11.2,88,9.3,11.2,0.0,0.0,64,29.63,1.8,984.7,246.3,2,14.8,71
2026-09-30T17:15:00.000Z,11.7,86,9.4,11.7,2.2,5.4,19,29.64,0.0,984.7,107.7,1,16.1,70
2026-09-30T17:30:00.000Z,11.5,86,9.2,11.5,2.9,3.6,32,29.63,0.0,984.7,173.1,1,15.9,68
2026-09-30T17:45:00.000Z,11.3,87,9.2,11.3,5.0,5.4,6,29.64,4.2,985.7,206.4,2,15.6,68
2026-09-30T18:00:00.000Z,11.5,87,9.4,11.5,6.1,7.2,6,29.64,1.2,986.2,224.9,2,15.7,69
2026-09-30T18:15:00.000Z,12.2,88,10.3,12.2,7.9,11.2,42,29.64,1.8,986.5,367.0,3,16.7,70
2026-09-30T18:30:00.000Z,12.0,88,10.1,12.0,9.0,11.2,17,29.64,0.0,986.5,189.1,1,17.0,67
2026-09-30T18:45:00.000Z,12.3,86,10.0,12.3,9.7,14.8,19,29.63,0.0,986.5,359.5,3,17.1,67
2026-09-30T19:00:00.000Z,12.6,85,10.2,12.6,9.7,11.2,26,29.64,0.0,986.5,775.5,7,17.7,65
2026-09-30T19:15:00.000Z,12.4,86,10.1,12.4,11.9,13.0,44,29.64,0.0,986.5,247.8,2,18.2,64
2026-09-30T19:30:00.000Z,11.4,89,9.7,11.4,9.4,13.0,40,29.64,0.0,986.5,520.4,5,17.2,64
2026-09-30T19:45:00.000Z,11.8,84,9.2,11.8,10.4,13.0,345,29.64,0.0,986.5,607.9,5,17.3,63
2026-09-30T20:00:00.000Z,12.7,77,8.8,12.7,10.1,13.0,14,29.64,0.0,986.5,446.2,4,18.8,59
2026-09-30T20:15:00.000Z,12.6,78,8.9,12.6,10.4,13.0,34,29.65,0.0,986.5,272.0,2,19.5,57
2026-09-30T20:30:00.000Z,12.9,78,9.2,12.9,6.5,11.2,45,29.66,0.0,986.5,248.5,2,18.9,57
2026-09-30T20:45:00.000Z,13.4,76,9.2,13.4,5.4,7.2,18,29.66,0.0,986.5,258.1,2,20.3,56
2026-09-30T21:00:00.000Z,13.8,77,9.8,13.8,12.6,14.8,36,29.67,0.0,986.5,209.8,2,21.1,55
2026-09-30T21:15:00.000Z,14.0,76,9.8,14.0,7.2,13.0,35,29.67,0.0,986.5,167.0,1,21.6,52
2026-09-30T21:30:00.000Z,13.9,76,9.7,13.9,6.1,7.2,23,29.67,0.0,986.5,122.1,1,21.8,50
2026-09-30T21:45:00.000Z,13.8,75,9.4,13.8,11.2,13.0,35,29.67,0.0,986.5,69.8,0,21.6,50
2026-09-30T22:00:00.000Z,13.4,77,9.4,13.4,6.5,7.2,18,29.67,0.0,986.5,40.8,0,20.6,50
2026-09-30T22:15:00.000Z,13.1,79,9.6,13.1,7.2,9.4,11,29.68,0.0,986.5,26.9,0,19.8,52
2026-09-30T22:30:00.000Z,12.7,80,9.4,12.7,4.3,5.4,25,29.68,0.0,986.5,14.9,0,17.4,54
2026-09-30T22:45:00.000Z,12.2,82,9.2,12.2,5.0,5.4,9,29.68,0.0,986.5,6.5,0,15.5,58
2026-09-30T23:00:00.000Z,11.9,82,8.9,11.9,5.0,9.4,11,29.68,0.0,986.5,1.0,0,14.3,61
2026-09-30T23:15:00.000Z,11.4,84,8.8,11.4,5.4,7.2,5,29.69,0.0,986.5,0.0,0,13.4,63
2026-09-30T23:30:00.000Z,10.9,86,8.7,10.9,1.8,1.8,7,29.69,0.0,986.5,0.0,0,12.8,65
2026-09-30T23:45:00.000Z,10.6,87,8.6,10.6,0.4,1.8,10,29.70,0.0,986.5,0.0,0,12.2,67
2026-10-01T00:15:00.000Z,10.0,89,8.3,10.0,0.0,0.0,49,29.70,0.0,986.5,0.0,0,11.3,68
2026-10-01T00:30:00.000Z,9.0,91,7.6,9.0,0.0,0.0,43,29.70,0.0,986.5,0.0,0,10.6,68
2026-10-01T00:45:00.000Z,8.7,93,7.7,8.7,0.0,0.0,42,29.71,0.0,986.5,0.0,0,9.9,69
2026-10-01T01:00:00.000Z,8.9,94,8.0,8.9,0.0,0.0,21,29.72,0.0,986.5,0.0,0,9.6,71
2026-10-01T01:15:00.000Z,8.6,94,7.7,8.6,0.0,0.0,31,29.72,0.0,986.5,0.0,0,9.5,71
2026-10-01T01:30:00.000Z,8.7,95,7.9,8.7,0.0,0.0,43,29.72,0.0,986.5,0.0,0,9.3,72
2026-10-01T01:45:00.000Z,8.6,95,7.8,8.6,0.0,0.0,50,29.72,0.0,986.5,0.0,0,9.5,73
2026-10-01T02:00:00.000Z,8.2,95,7.4,8.2,0.0,0.0,50,29.72,0.0,986.5,0.0,0,9.9,74
2026-10-01T02:15:00.000Z,8.4,95,7.6,8.4,0.4,1.8,75,29.72,0.0,986.5,0.0,0,10.2,74
2026-10-01T02:30:00.000Z,8.1,95,7.3,8.1,0.0,0.0,70,29.73,0.0,986.5,0.0,0,10.1,73
2026-10-01T02:45:00.000Z,7.6,95,6.9,7.6,0.0,0.0,78,29.72,0.0,986.5,0.0,0,9.7,73
2026-10-01T03:00:00.000Z,7.5,96,6.9,7.5,0.0,0.0,78,29.71,0.0,986.5,0.0,0,9.3,73
2026-10-01T03:15:00.000Z,7.5,96,6.9,7.5,0.0,0.0,89,29.70,0.0,986.5,0.0,0,9.0,73
2026-10-01T03:30:00.000Z,7.0,96,6.4,7.0,0.0,0.0,90,29.70,0.0,986.5,0.0,0,8.4,73
2026-10-01T03:45:00.000Z,6.6,96,6.0,6.6,0.0,0.0,88,29.69,0.0,986.5,0.0,0,7.8,72
2026-10-01T04:00:00.000Z,6.2,96,5.6,6.2,0.0,0.0,88,29.69,0.0,986.5,0.0,0,7.4,73
2026-10-01T04:15:00.000Z,5.9,96,5.3,5.9,0.7,1.8,88,29.68,0.0,986.5,0.0,0,7.0,73
2026-10-01T04:30:00.000Z,6.2,97,5.8,6.2,0.4,1.8,91,29.68,0.0,986.5,0.0,0,6.9,74
2026-10-01T04:45:00.000Z,6.2,97,5.8,6.2,1.4,1.8,111,29.68,0.0,986.5,0.0,0,7.0,75
2026-10-01T05:00:00.000Z,5.3,96,4.7,5.3,0.0,0.0,108,29.67,0.0,986.5,0.0,0,6.6,74
2026-10-01T05:15:00.000Z,4.9,97,4.4,4.9,0.0,0.0,107,29.68,0.0,986.5,0.0,0,6.2,74
2026-10-01T05:30:00.000Z,4.4,97,3.9,4.4,0.0,0.0,107,29.67,0.0,986.5,0.0,0,5.8,74
2026-10-01T05:45:00.000Z,4.7,97,4.3,4.7,0.0,0.0,108,29.66,0.0,986.5,0.0,0,5.5,74
2026-10-01T06:00:00.000Z,5.0,97,4.6,5.0,0.0,0.0,107,29.65,0.0,986.5,0.0,0,5.3,75
2026-10-01T09:00:00.000Z,2.7,97,2.3,2.7,0.0,0.0,107,29.60,0.0,986.5,0.0,0,4.0,75
2026-10-01T09:15:00.000Z,2.2,98,1.9,2.2,0.0,0.0,107,29.60,0.0,986.5,0.0,0,3.7,75
2026-10-01T09:30:00.000Z,3.4,98,3.1,3.4,0.0,0.0,56,29.61,0.0,986.5,0.0,0,3.7,76
2026-10-01T09:45:00.000Z,3.4,98,3.1,3.4,0.0,0.0,58,29.60,0.0,986.5,0.0,0,4.4,77
2026-10-01T10:00:00.000Z,3.8,98,3.5,3.8,1.8,1.8,67,29.60,0.0,986.5,0.0,0,4.7,77
2026-10-01T10:15:00.000Z,3.8,98,3.5,3.8,0.0,0.0,59,29.59,0.0,986.5,0.6,0,4.9,77
2026-10-01T10:30:00.000Z,3.2,98,2.9,3.2,0.0,0.0,59,29.60,0.0,986.5,5.2,0,4.9,77
2026-10-01T10:45:00.000Z,3.8,98,3.5,3.8,0.0,0.0,58,29.60,0.0,986.5,17.5,0,4.9,76
2026-10-01T11:00:00.000Z,4.8,98,4.5,4.8,0.0,0.0,57,29.60,0.0,986.5,57.8,0,5.5,77
2026-10-01T11:15:00.000Z,5.6,98,5.3,5.6,1.8,1.8,350,29.60,0.0,986.5,64.4,0,7.6,78
2026-10-01T11:30:00.000Z,6.8,98,6.5,6.8,1.4,1.8,343,29.60,0.0,986.5,69.7,0,10.2,76
2026-10-01T11:45:00.000Z,6.5,98,6.2,6.5,0.4,1.8,356,29.59,0.0,986.5,90.0,0,11.3,72
2026-10-01T12:00:00.000Z,6.6,98,6.3,6.6,3.2,3.6,303,29.59,0.0,986.5,91.2,0,11.5,70
2026-10-01T12:15:00.000Z,6.5,97,6.1,6.5,3.6,3.6,330,29.59,0.0,986.5,129.9,1,11.5,69
2026-10-01T12:30:00.000Z,6.7,97,6.3,6.7,2.2,3.6,8,29.58,0.0,986.5,77.2,0,11.6,68
2026-10-01T12:45:00.000Z,7.8,97,7.3,7.8,1.1,1.8,17,29.57,0.0,986.5,300.2,2,13.1,68
2026-10-01T13:00:00.000Z,8.3,93,7.2,8.3,1.1,1.8,11,29.57,0.0,986.5,154.1,1,14.6,64
2026-10-01T13:15:00.000Z,8.6,91,7.2,8.6,0.7,1.8,17,29.57,0.0,986.5,305.1,2,15.0,63
2026-10-01T13:30:00.000Z,9.4,89,7.7,9.4,1.8,1.8,13,29.56,0.0,986.5,204.4,1,16.0,61
2026-10-01T13:45:00.000Z,10.6,87,8.6,10.6,0.0,0.0,43,29.57,0.0,986.5,508.3,4,17.4,60
2026-10-01T14:00:00.000Z,11.5,81,8.3,11.5,0.0,0.0,17,29.57,0.0,986.5,341.2,3,18.6,57
2026-10-01T14:15:00.000Z,12.3,77,8.4,12.3,3.2,3.6,230,29.56,0.0,986.5,508.1,4,19.8,54
2026-10-01T14:30:00.000Z,14.3,71,9.1,14.3,0.4,1.8,23,29.55,0.0,986.5,592.0,5,21.3,52
2026-10-01T14:45:00.000Z,14.1,71,8.9,14.1,1.8,1.8,58,29.55,0.0,986.5,521.8,5,21.9,49
2026-10-01T15:00:00.000Z,15.2,65,8.7,15.2,2.5,3.6,79,29.55,0.0,986.5,704.9,6,22.9,47
2026-10-01T15:15:00.000Z,15.9,62,8.6,15.9,1.4,1.8,5,29.54,0.0,986.5,503.4,4,24.0,46
2026-10-01T15:30:00.000Z,15.8,63,8.8,15.8,0.0,0.0,25,29.55,0.0,986.5,667.1,6,23.8,43
2026-10-01T15:45:00.000Z,17.2,58,8.9,17.2,3.6,3.6,359,29.53,0.0,986.5,690.5,6,24.2,43
2026-10-01T16:00:00.000Z,17.4,54,8.0,17.4,0.0,0.0,36,29.52,0.0,986.5,698.6,6,24.6,43
2026-10-01T16:15:00.000Z,18.5,54,9.0,18.5,4.0,5.4,49,29.52,0.0,986.5,707.0,6,25.3,44
2026-10-01T16:30:00.000Z,18.5,54,9.0,18.5,5.0,5.4,36,29.51,0.0,986.5,717.4,6,26.2,40
2026-10-01T16:45:00.000Z,19.2,53,9.4,19.2,2.2,3.6,339,29.50,0.0,986.5,717.9,6,26.8,40
2026-10-01T17:00:00.000Z,19.7,51,9.3,19.7,3.6,5.4,354,29.50,0.0,986.5,593.6,5,27.6,38
2026-10-01T17:15:00.000Z,19.7,53,9.9,19.7,5.0,5.4,9,29.50,0.0,986.5,595.9,5,28.1,37
2026-10-01T17:30:00.000Z,19.9,56,10.9,19.9,7.6,9.4,289,29.50,0.0,986.5,714.5,6,28.5,36
2026-10-01T17:45:00.000Z,19.7,56,10.7,19.7,0.4,1.8,344,29.50,0.0,986.5,640.0,6,28.3,35
2026-10-01T18:00:00.000Z,20.4,57,11.6,20.4,9.0,11.2,282,29.49,0.0,986.5,776.2,7,28.7,35
2026-10-01T18:15:00.000Z,20.7,50,9.9,20.7,1.8,1.8,259,29.48,0.0,986.5,289.3,2,29.1,35
2026-10-01T18:30:00.000Z,20.7,48,9.3,20.7,6.5,7.2,311,29.48,0.0,986.5,518.0,5,29.2,33
2026-10-01T18:45:00.000Z,20.1,49,9.1,20.1,1.4,1.8,333,29.47,0.0,986.5,151.0,1,28.8,32
2026-10-01T19:00:00.000Z,20.8,46,8.7,20.8,1.8,1.8,62,29.46,0.0,986.5,188.6,1,28.5,35
2026-10-01T19:15:00.000Z,20.7,49,9.6,20.7,2.5,3.6,9,29.45,0.0,986.5,297.8,2,28.0,35
2026-10-01T19:30:00.000Z,20.2,49,9.2,20.2,4.7,7.2,33,29.45,0.0,986.5,195.5,1,27.6,34
2026-10-01T19:45:00.000Z,19.8,52,9.7,19.8,5.4,5.4,42,29.46,0.0,986.5,262.6,2,26.0,36
2026-10-01T20:00:00.000Z,19.6,52,9.5,19.6,3.6,5.4,25,29.45,0.0,986.5,89.1,0,25.0,39
2026-10-01T20:15:00.000Z,19.6,52,9.5,19.6,4.7,5.4,26,29.44,0.0,986.5,137.4,1,24.3,40
2026-10-01T20:30:00.000Z,19.6,55,10.3,19.6,5.4,7.2,43,29.44,0.0,986.5,98.2,0,24.1,42
2026-10-01T20:45:00.000Z,19.2,58,10.8,19.2,2.2,3.6,42,29.44,0.0,986.5,88.0,0,23.5,43
2026-10-01T21:00:00.000Z,19.3,60,11.3,19.3,0.0,0.0,39,29.44,0.0,986.5,82.3,0,23.1,45
2026-10-01T21:15:00.000Z,19.2,57,10.5,19.2,1.8,1.8,28,29.43,0.0,986.5,39.4,0,22.9,45
2026-10-01T21:30:00.000Z,18.7,60,10.8,18.7,0.4,1.8,32,29.42,0.0,986.5,32.9,0,22.2,47
2026-10-01T21:45:00.000Z,18.6,61,10.9,18.6,0.0,0.0,23,29.43,0.0,986.5,19.1,0,21.7,47
2026-10-01T22:00:00.000Z,18.3,63,11.1,18.3,0.0,0.0,6,29.42,0.0,986.5,23.3,0,21.3,48
2026-10-01T22:15:00.000Z,18.0,67,11.8,18.0,0.0,0.0,34,29.42,0.0,986.5,9.8,0,20.9,53
2026-10-01T22:30:00.000Z,17.3,68,11.3,17.3,0.0,0.0,32,29.42,0.0,986.5,8.5,0,20.5,54
2026-10-01T22:45:00.000Z,17.2,68,11.3,17.2,0.7,1.8,351,29.42,0.0,986.5,2.6,0,20.2,53
2026-10-01T23:00:00.000Z,17.5,68,11.6,17.5,1.4,3.6,146,29.43,0.0,986.5,0.2,0,19.9,52
2026-10-01T23:15:00.000Z,17.1,54,7.7,17.1,5.4,7.2,231,29.43,0.0,986.5,0.0,0,19.6,49
2026-10-01T23:30:00.000Z,16.6,51,6.4,16.6,2.9,3.6,212,29.43,0.0,986.5,0.0,0,19.2,44
2026-10-01T23:45:00.000Z,16.3,51,6.1,16.3,0.7,1.8,1,29.43,0.0,986.5,0.0,0,18.7,43
2026-10-02T00:00:00.000Z,15.6,54,6.3,15.6,0.0,0.0,20,29.43,0.0,986.5,0.0,0,18.3,45
2026-10-02T00:15:00.000Z,15.4,57,6.9,15.4,0.0,0.0,66,29.41,0.0,986.5,0.0,0,18.1,47
2026-10-02T00:30:00.000Z,14.7,67,8.7,14.7,1.8,1.8,55,29.40,0.0,986.5,0.0,0,17.5,52
2026-10-02T00:45:00.000Z,14.1,65,7.6,14.1,0.4,1.8,48,29.41,0.0,986.5,0.0,0,16.9,53
2026-10-02T01:00:00.000Z,14.2,75,9.8,14.2,0.0,0.0,48,29.40,0.0,986.5,0.0,0,16.6,56
2026-10-02T01:15:00.000Z,13.8,75,9.4,13.8,0.0,0.0,56,29.40,0.0,986.5,0.0,0,16.4,57
2026-10-02T01:30:00.000Z,13.6,67,7.6,13.6,1.1,1.8,34,29.40,0.0,986.5,0.0,0,16.1,57
2026-10-02T01:45:00.000Z,13.8,70,8.4,13.8,1.1,1.8,34,29.39,0.0,986.5,0.0,0,16.1,57
2026-10-02T02:00:00.000Z,13.9,69,8.3,13.9,1.1,1.8,18,29.40,0.0,986.5,0.0,0,16.1,56
2026-10-02T02:15:00.000Z,13.8,74,9.2,13.8,0.0,0.0,18,29.39,0.0,986.5,0.0,0,16.0,57
2026-10-02T02:30:00.000Z,13.8,72,8.8,13.8,1.8,1.8,342,29.39,0.0,986.5,0.0,0,16.0,58
2026-10-02T02:45:00.000Z,13.4,78,9.6,13.4,0.0,0.0,331,29.37,0.0,986.5,0.0,0,16.0,59
2026-10-02T03:00:00.000Z,13.1,77,9.2,13.1,0.0,0.0,19,29.36,0.0,986.5,0.0,0,15.8,60
2026-10-02T03:15:00.000Z,13.0,82,10.0,13.0,0.0,0.0,47,29.35,0.0,986.5,0.0,0,15.6,61
2026-10-02T03:30:00.000Z,12.7,78,9.0,12.7,1.8,1.8,16,29.34,0.0,986.5,0.0,0,15.4,62
2026-10-02T03:45:00.000Z,13.1,78,9.4,13.1,0.0,0.0,3,29.35,0.0,986.5,0.0,0,15.3,61
2026-10-02T04:00:00.000Z,12.5,81,9.3,12.5,0.0,0.0,4,29.34,0.0,986.5,0.0,0,15.2,62
2026-10-02T04:15:00.000Z,12.2,78,8.5,12.2,0.4,1.8,4,29.33,0.0,986.5,0.0,0,14.8,62
2026-10-02T04:30:00.000Z,12.4,79,8.8,12.4,3.6,3.6,353,29.33,0.0,986.5,0.0,0,14.5,62
2026-10-02T04:45:00.000Z,12.7,77,8.8,12.7,3.2,3.6,1,29.34,0.0,986.5,0.0,0,14.3,62
2026-10-02T05:00:00.000Z,12.6,76,8.5,12.6,4.3,5.4,345,29.32,0.0,986.5,0.0,0,14.1,62
2026-10-02T05:15:00.000Z,12.6,79,9.1,12.6,3.6,3.6,335,29.31,0.0,986.5,0.0,0,14.2,63
2026-10-02T05:30:00.000Z,12.8,80,9.4,12.8,1.4,1.8,355,29.32,0.0,986.5,0.0,0,14.3,64
2026-10-02T05:45:00.000Z,12.4,82,9.4,12.4,0.0,0.0,2,29.32,0.0,986.5,0.0,0,14.3,64
2026-10-02T06:00:00.000Z,11.9,84,9.3,11.9,0.0,0.0,5,29.30,0.0,986.5,0.0,0,14.3,65
2026-10-02T06:15:00.000Z,11.7,85,9.3,11.7,2.2,3.6,41,29.29,0.0,986.5,0.0,0,14.1,65
2026-10-02T06:30:00.000Z,11.9,85,9.4,11.9,5.0,5.4,12,29.29,0.0,986.5,0.0,0,13.8,66
2026-10-02T06:45:00.000Z,12.2,83,9.4,12.2,0.0,0.0,29,29.29,0.0,986.5,0.0,0,13.9,67
2026-10-02T07:00:00.000Z,11.7,84,9.1,11.7,0.0,0.0,51,29.28,0.0,986.5,0.0,0,13.9,67
2026-10-02T07:15:00.000Z,11.9,80,8.6,11.9,0.0,0.0,348,29.27,0.0,986.5,0.0,0,13.8,66
2026-10-02T07:30:00.000Z,11.7,83,8.9,11.7,2.5,3.6,238,29.26,0.0,986.5,0.0,0,14.0,66
2026-10-02T07:45:00.000Z,11.5,81,8.3,11.5,1.8,1.8,7,29.26,0.0,986.5,0.0,0,13.9,66
2026-10-02T08:00:00.000Z,12.0,82,9.0,12.0,5.4,5.4,246,29.29,0.0,986.5,0.0,0,13.9,66
2026-10-02T08:15:00.000Z,11.5,80,8.2,11.5,0.0,0.0,12,29.27,6.0,987.5,0.0,0,13.6,67
2026-10-02T08:30:00.000Z,10.6,85,8.2,10.6,0.0,0.0,7,29.28,6.6,988.8,0.0,0,13.1,68
2026-10-02T08:45:00.000Z,9.9,89,8.2,9.9,3.2,3.6,45,29.28,3.0,990.0,0.0,0,12.5,69
2026-10-02T09:00:00.000Z,9.6,90,8.1,9.6,4.0,5.4,60,29.27,1.2,990.5,0.0,0,12.2,70
2026-10-02T09:15:00.000Z,9.8,89,8.1,9.8,2.5,3.6,58,29.27,0.0,990.5,0.0,0,11.9,71
2026-10-02T09:30:00.000Z,9.9,87,7.8,9.6,5.0,7.2,12,29.26,0.0,990.5,0.0,0,11.9,71
2026-10-02T09:45:00.000Z,9.4,88,7.5,7.9,10.1,14.8,23,29.27,0.0,990.5,0.0,0,11.5,71
2026-10-02T10:00:00.000Z,9.4,89,7.7,8.7,6.5,9.4,53,29.27,0.0,990.5,0.0,0,11.4,72
2026-10-02T10:15:00.000Z,9.5,87,7.4,9.5,4.7,7.2,4,29.27,0.0,990.5,0.2,0,11.4,71
2026-10-02T10:30:00.000Z,9.2,89,7.5,7.9,9.0,13.0,13,29.27,0.0,990.5,1.2,0,11.3,72
2026-10-02T10:45:00.000Z,9.1,90,7.6,7.9,8.3,9.4,23,29.27,0.0,990.5,2.8,0,11.2,72
2026-10-02T11:00:00.000Z,9.1,92,7.9,8.5,5.8,9.4,32,29.27,0.0,990.8,3.1,0,11.2,73
2026-10-02T11:15:00.000Z,9.1,93,8.1,9.1,1.8,1.8,22,29.29,10.8,992.8,11.9,0,11.3,74
2026-10-02T11:30:00.000Z,9.3,94,8.4,9.3,1.8,1.8,0,29.30,4.2,993.8,12.6,0,11.5,74
2026-10-02T11:45:00.000Z,9.4,94,8.5,9.4,0.4,1.8,358,29.31,1.8,994.4,10.2,0,11.8,75
2026-10-02T12:00:00.000Z,9.4,95,8.6,9.4,1.4,1.8,22,29.31,1.2,994.6,54.0,0,11.9,75
2026-10-02T12:15:00.000Z,9.5,95,8.7,9.1,5.4,7.2,21,29.31,0.0,995.1,118.2,1,12.0,75
2026-10-02T12:30:00.000Z,10.0,95,9.2,9.4,6.1,9.4,8,29.31,0.0,995.1,89.8,0,12.6,75
2026-10-02T12:45:00.000Z,10.1,95,9.3,10.1,12.2,14.8,19,29.33,0.0,995.1,86.3,0,12.8,75
2026-10-02T13:00:00.000Z,10.3,94,9.3,10.3,3.2,5.4,2,29.33,0.0,995.1,61.4,0,13.2,74
2026-10-02T13:15:00.000Z,10.5,94,9.6,10.5,7.2,7.2,0,29.34,0.0,995.1,102.0,0,13.5,74
2026-10-02T13:30:00.000Z,10.8,94,9.8,10.8,2.9,3.6,355,29.34,0.0,995.1,47.2,0,14.3,73
2026-10-02T13:45:00.000Z,11.3,93,10.2,11.3,3.6,5.4,19,29.34,0.0,995.1,84.8,0,15.2,72
2026-10-02T14:00:00.000Z,11.6,90,10.1,11.6,4.0,5.4,25,29.34,0.0,995.1,146.9,1,16.0,71
2026-10-02T14:15:00.000Z,11.4,91,10.0,11.4,13.3,18.4,12,29.34,0.0,995.1,240.3,2,16.0,69
2026-10-02T14:30:00.000Z,11.8,89,10.0,11.8,7.6,11.2,6,29.35,0.0,995.1,269.9,2,16.3,68
2026-10-02T14:45:00.000Z,13.2,84,10.6,13.2,10.4,13.0,357,29.34,0.0,995.1,403.0,3,17.5,68
2026-10-02T15:00:00.000Z,13.6,83,10.8,13.6,11.2,13.0,19,29.34,0.0,995.1,469.1,4,18.9,65
2026-10-02T15:15:00.000Z,13.8,82,10.8,13.8,9.7,14.8,29,29.34,0.0,995.1,375.5,3,19.5,62
2026-10-02T15:30:00.000Z,14.2,81,11.0,14.2,11.2,13.0,351,29.34,0.0,995.1,809.9,7,20.7,59
2026-10-02T15:45:00.000Z,14.2,82,11.2,14.2,14.8,16.6,12,29.33,0.0,995.1,585.0,5,20.8,58
2026-10-02T16:00:00.000Z,15.3,81,12.1,15.3,7.9,9.4,2,29.33,0.0,995.1,547.2,5,21.4,57
2026-10-02T16:15:00.000Z,15.4,77,11.4,15.4,9.4,11.2,8,29.33,0.0,995.1,368.1,3,22.4,54
2026-10-02T16:30:00.000Z,15.2,77,11.2,15.2,6.8,9.4,4,29.33,0.0,995.1,404.3,3,21.8,53
2026-10-02T16:45:00.000Z,15.1,79,11.5,15.1,14.4,16.6,354,29.33,0.0,995.1,178.4,1,21.5,54
2026-10-02T17:00:00.000Z,14.7,84,12.1,14.7,10.1,14.8,359,29.32,0.0,995.1,202.7,1,20.2,57
2026-10-02T17:15:00.000Z,16.1,80,12.7,16.1,7.9,9.4,39,29.31,0.0,995.1,287.8,2,20.8,61
2026-10-02T17:30:00.000Z,15.6,79,12.0,15.6,18.0,22.0,321,29.31,0.0,995.1,897.9,8,20.7,57
2026-10-02T17:45:00.000Z,17.1,74,12.4,17.1,10.1,13.0,27,29.31,0.0,995.1,288.2,2,22.9,56
2026-10-02T18:00:00.000Z,16.2,74,11.6,16.2,13.7,16.6,15,29.29,0.0,995.1,132.6,1,22.4,52
2026-10-02T18:15:00.000Z,15.2,80,11.8,15.2,4.7,7.2,216,29.31,0.0,995.1,37.0,0,20.4,55
2026-10-02T18:30:00.000Z,15.6,79,12.0,15.6,8.3,11.2,282,29.31,0.0,995.1,327.4,3,20.2,57
2026-10-02T18:45:00.000Z,16.2,69,10.6,16.2,12.2,16.6,281,29.31,1.8,995.4,181.0,1,21.2,50
2026-10-02T19:00:00.000Z,15.3,72,10.3,15.3,9.4,13.0,259,29.30,0.0,995.4,589.7,5,19.6,55
2026-10-02T19:15:00.000Z,16.2,71,10.9,16.2,11.5,13.0,298,29.31,0.0,995.4,610.1,5,21.3,50
2026-10-02T19:30:00.000Z,16.5,72,11.4,16.5,11.9,18.4,278,29.31,0.0,995.4,490.8,4,21.9,50
2026-10-02T19:45:00.000Z,16.9,70,11.4,16.9,10.4,13.0,261,29.31,0.0,995.4,451.9,4,22.5,49
2026-10-02T20:00:00.000Z,17.3,71,12.0,17.3,18.0,22.0,285,29.32,0.0,995.4,371.5,3,22.9,49
2026-10-02T20:15:00.000Z,15.9,72,10.8,15.9,13.7,16.6,303,29.33,0.0,995.4,169.3,1,21.6,48
2026-10-02T20:30:00.000Z,16.5,67,10.3,16.5,7.2,9.4,276,29.33,0.0,995.4,184.6,1,21.3,49
2026-10-02T20:45:00.000Z,16.2,66,9.9,16.2,10.8,13.0,295,29.33,0.0,995.4,321.2,3,21.7,47
2026-10-02T21:00:00.000Z,16.4,65,9.8,16.4,6.8,9.4,257,29.34,0.0,995.4,264.9,2,22.9,44
2026-10-02T21:15:00.000Z,16.0,63,8.9,16.0,14.8,18.4,275,29.34,0.0,995.4,170.8,1,22.8,42
2026-10-02T21:30:00.000Z,16.1,66,9.8,16.1,11.5,13.0,265,29.34,0.0,995.4,126.3,1,23.1,43
2026-10-02T21:45:00.000Z,15.7,68,9.8,15.7,7.2,9.4,302,29.34,0.0,995.4,83.3,0,22.7,43
2026-10-02T22:00:00.000Z,15.4,64,8.6,15.4,9.4,11.2,242,29.36,0.0,995.4,42.9,0,22.1,42
2026-10-02T22:15:00.000Z,14.5,65,8.0,14.5,15.8,18.4,286,29.35,0.0,995.4,30.3,0,20.8,42
2026-10-02T22:30:00.000Z,14.0,69,8.4,14.0,6.1,7.2,319,29.36,0.0,995.4,23.4,0,18.3,46
2026-10-02T22:45:00.000Z,13.6,71,8.4,13.6,6.1,7.2,303,29.36,0.0,995.4,7.3,0,16.8,50
2026-10-02T23:00:00.000Z,13.1,75,8.8,13.1,5.4,5.4,275,29.37,0.0,995.4,0.9,0,16.0,54
2026-10-02T23:15:00.000Z,13.2,73,8.5,13.2,2.9,5.4,304,29.38,0.0,995.4,0.0,0,15.6,55
2026-10-02T23:30:00.000Z,12.5,76,8.4,12.5,5.4,5.4,291,29.38,0.0,995.4,0.0,0,15.1,56
2026-10-02T23:45:00.000Z,11.8,80,8.4,11.8,3.6,5.4,287,29.39,0.0,995.4,0.0,0,14.1,59
2026-10-03T00:00:00.000Z,11.2,82,8.3,11.2,1.8,1.8,332,29.40,0.0,995.4,0.0,0,13.4,61
2026-10-03T00:15:00.000Z,11.1,83,8.3,11.1,1.8,1.8,349,29.40,0.0,995.4,0.0,0,12.9,62
2026-10-03T00:30:00.000Z,11.0,83,8.2,11.0,2.9,3.6,320,29.40,0.0,995.4,0.0,0,12.7,63
2026-10-03T00:45:00.000Z,11.1,83,8.3,11.1,3.6,3.6,346,29.41,0.0,995.4,0.0,0,12.4,65
2026-10-03T01:00:00.000Z,11.3,83,8.5,11.3,3.6,3.6,0,29.42,0.0,995.4,0.0,0,12.3,65
2026-10-03T01:15:00.000Z,10.9,84,8.3,10.9,3.6,3.6,359,29.42,0.0,995.4,0.0,0,12.0,66
2026-10-03T01:30:00.000Z,10.9,84,8.3,10.9,4.3,5.4,4,29.42,0.0,995.4,0.0,0,12.0,67
2026-10-03T01:45:00.000Z,11.0,84,8.4,11.0,4.0,5.4,335,29.44,0.0,995.4,0.0,0,12.3,68
2026-10-03T02:00:00.000Z,11.2,84,8.6,11.2,4.0,5.4,358,29.44,0.0,995.4,0.0,0,12.7,68
2026-10-03T02:15:00.000Z,11.3,83,8.5,11.3,4.7,5.4,332,29.44,0.0,995.4,0.0,0,12.9,67
2026-10-03T02:30:00.000Z,11.2,83,8.4,11.2,5.4,5.4,316,29.44,0.0,995.4,0.0,0,12.8,67
2026-10-03T02:45:00.000Z,11.2,83,8.4,11.2,4.0,5.4,7,29.45,0.0,995.4,0.0,0,12.8,67
2026-10-03T03:00:00.000Z,11.0,84,8.4,11.0,5.0,5.4,16,29.45,0.0,995.4,0.0,0,12.8,67
2026-10-03T03:15:00.000Z,10.9,85,8.4,10.9,7.2,7.2,352,29.45,0.0,995.4,0.0,0,12.7,68
2026-10-03T03:30:00.000Z,10.6,86,8.4,10.6,9.0,13.0,13,29.45,0.0,995.4,0.0,0,12.6,68
2026-10-03T03:45:00.000Z,10.3,87,8.2,10.3,6.1,7.2,7,29.45,0.0,995.4,0.0,0,12.1,68
2026-10-03T04:00:00.000Z,10.2,87,8.2,10.2,5.4,7.2,0,29.45,0.0,995.4,0.0,0,11.9,69
2026-10-03T04:15:00.000Z,10.1,87,8.1,10.1,6.5,9.4,0,29.45,0.0,995.4,0.0,0,11.7,70
2026-10-03T04:30:00.000Z,10.1,89,8.4,10.1,10.1,13.0,9,29.45,0.0,995.4,0.0,0,11.7,70
2026-10-03T04:45:00.000Z,10.4,89,8.7,10.4,6.5,9.4,1,29.46,0.0,995.4,0.0,0,11.9,71
2026-10-03T05:00:00.000Z,10.6,89,8.9,10.6,8.3,11.2,355,29.45,0.0,995.4,0.0,0,12.2,71
2026-10-03T05:15:00.000Z,10.5,89,8.8,10.5,4.7,5.4,17,29.45,0.0,995.4,0.0,0,12.3,71
2026-10-03T05:30:00.000Z,10.4,89,8.7,10.4,9.0,11.2,6,29.45,0.0,995.4,0.0,0,12.3,71
2026-10-03T05:45:00.000Z,10.2,90,8.7,10.2,6.5,9.4,358,29.45,0.0,995.4,0.0,0,12.2,71
2026-10-03T06:00:00.000Z,10.2,90,8.7,10.2,9.4,13.0,25,29.44,0.0,995.4,0.0,0,12.1,72
2026-10-03T06:15:00.000Z,10.4,89,8.7,10.4,7.2,9.4,9,29.44,0.0,995.4,0.0,0,12.1,72
2026-10-03T06:30:00.000Z,10.5,89,8.8,10.5,6.5,7.2,358,29.44,0.0,995.4,0.0,0,12.2,72
2026-10-03T06:45:00.000Z,10.3,90,8.7,10.3,7.9,11.2,355,29.44,0.0,995.4,0.0,0,12.0,72
2026-10-03T07:00:00.000Z,10.1,91,8.7,10.1,6.5,7.2,5,29.43,0.0,995.4,0.0,0,11.8,72
2026-10-03T07:15:00.000Z,10.0,91,8.6,9.3,6.5,7.2,7,29.43,0.0,995.4,0.0,0,11.5,73
2026-10-03T07:30:00.000Z,9.7,92,8.5,8.8,7.2,9.4,13,29.43,0.0,995.4,0.0,0,11.2,74
2026-10-03T07:45:00.000Z,9.7,92,8.5,8.8,7.6,9.4,14,29.43,0.0,995.4,0.0,0,11.1,74
2026-10-03T08:00:00.000Z,9.6,92,8.4,9.6,4.3,5.4,7,29.44,0.0,995.4,0.0,0,11.0,74
2026-10-03T08:15:00.000Z,9.6,92,8.4,9.6,4.7,5.4,22,29.44,0.0,995.4,0.0,0,11.0,74
2026-10-03T08:30:00.000Z,9.4,92,8.2,9.4,4.7,5.4,42,29.43,0.0,995.4,0.0,0,10.9,74
2026-10-03T08:45:00.000Z,9.1,93,8.1,9.1,2.2,5.4,11,29.44,0.0,995.4,0.0,0,10.6,74
2026-10-03T09:00:00.000Z,9.2,93,8.2,8.6,6.1,7.2,22,29.44,0.0,995.4,0.0,0,10.5,75
2026-10-03T09:15:00.000Z,9.3,92,8.1,9.3,4.0,5.4,16,29.43,0.0,995.4,0.0,0,10.5,75
2026-10-03T09:30:00.000Z,9.2,93,8.2,8.6,6.1,7.2,0,29.44,0.0,995.4,0.0,0,10.6,75
2026-10-03T09:45:00.000Z,9.3,92,8.1,8.8,5.4,7.2,10,29.44,0.0,995.4,0.0,0,10.9,75
2026-10-03T10:00:00.000Z,9.4,93,8.3,9.4,4.7,5.4,9,29.45,0.0,995.4,0.0,0,11.2,75
2026-10-03T10:15:00.000Z,9.4,93,8.3,9.4,4.0,5.4,336,29.46,0.0,995.4,0.3,0,11.5,74
2026-10-03T10:30:00.000Z,9.5,93,8.4,9.5,4.7,5.4,8,29.46,1.2,995.6,1.9,0,11.6,75
2026-10-03T10:45:00.000Z,9.4,94,8.5,8.3,7.9,9.4,7,29.46,3.0,996.1,4.3,0,11.6,75
2026-10-03T11:00:00.000Z,9.4,94,8.5,9.1,5.0,7.2,24,29.46,1.2,996.6,9.9,0,11.5,75
2026-10-03T11:15:00.000Z,9.5,94,8.6,9.5,4.3,5.4,18,29.47,0.0,996.6,19.3,0,11.7,76
2026-10-03T11:30:00.000Z,9.8,94,8.8,9.8,4.7,5.4,17,29.47,0.0,996.6,55.1,0,12.0,76
2026-10-03T11:45:00.000Z,10.5,94,9.6,10.5,8.6,9.4,6,29.47,0.0,996.6,178.0,1,12.7,76
2026-10-03T12:00:00.000Z,11.4,90,9.8,11.4,6.1,9.4,35,29.48,0.0,996.6,134.5,1,14.6,74
2026-10-03T12:15:00.000Z,11.2,90,9.7,11.2,6.5,9.4,350,29.48,0.0,996.6,65.1,0,14.7,71
2026-10-03T12:30:00.000Z,11.2,91,9.8,11.2,4.3,5.4,0,29.49,0.0,996.6,51.6,0,14.2,71
2026-10-03T12:45:00.000Z,11.2,91,9.8,11.2,4.3,5.4,305,29.50,3.0,997.1,48.4,0,14.0,72
2026-10-03T13:00:00.000Z,10.6,93,9.6,10.6,4.0,5.4,273,29.49,0.0,997.4,29.9,0,13.5,73
2026-10-03T13:15:00.000Z,10.5,94,9.6,10.5,2.5,3.6,184,29.48,7.8,999.2,21.9,0,13.3,74
2026-10-03T13:30:00.000Z,10.4,93,9.3,10.4,8.6,11.2,289,29.48,24.0,1003.2,38.3,0,12.8,74
2026-10-03T13:45:00.000Z,11.3,94,10.3,11.3,6.1,9.4,332,29.49,0.0,1003.2,120.2,1,12.7,76
2026-10-03T14:00:00.000Z,12.5,91,11.1,12.5,10.4,13.0,348,29.48,0.0,1003.2,664.3,6,14.3,77
2026-10-03T14:15:00.000Z,13.9,81,10.7,13.9,13.7,16.6,14,29.48,0.0,1003.2,244.7,2,16.9,71
2026-10-03T14:30:00.000Z,13.0,82,10.0,13.0,13.7,14.8,350,29.48,1.8,1003.5,165.6,1,16.8,67
2026-10-03T14:45:00.000Z,12.6,76,8.5,12.6,5.4,7.2,276,29.49,6.0,1004.5,33.7,0,16.1,67
2026-10-03T15:00:00.000Z,12.3,87,10.2,12.3,8.6,9.4,340,29.48,3.0,1005.3,155.2,1,15.2,70
2026-10-03T15:15:00.000Z,11.2,90,9.7,11.2,10.4,14.8,343,29.48,16.8,1009.1,210.6,2,14.4,71
2026-10-03T15:30:00.000Z,12.7,84,10.1,12.7,10.8,13.0,8,29.47,0.0,1009.1,240.6,2,15.6,73
2026-10-03T15:45:00.000Z,13.0,83,10.2,13.0,6.8,9.4,6,29.47,0.0,1009.1,224.9,2,16.5,71
2026-10-03T16:00:00.000Z,13.2,83,10.4,13.2,7.9,9.4,7,29.47,0.0,1009.1,155.2,1,16.9,68
2026-10-03T16:15:00.000Z,12.2,86,9.9,12.2,5.0,5.4,254,29.49,9.0,1010.6,28.3,0,15.8,67
2026-10-03T16:30:00.000Z,11.4,93,10.3,11.4,7.9,9.4,317,29.50,1.8,1015.2,244.0,2,14.7,72
2026-10-03T22:30:00.000Z,13.0,75,8.7,13.0,7.2,7.2,0,29.52,0.0,1015.9,24.6,0,16.9,56
2026-10-03T22:45:00.000Z,12.8,73,8.1,12.8,8.6,11.2,327,29.52,0.0,1015.9,8.1,0,15.9,56
2026-10-03T23:00:00.000Z,12.4,75,8.1,12.4,3.6,3.6,342,29.52,0.0,1015.9,1.3,0,14.8,58
2026-10-03T23:15:00.000Z,11.9,78,8.2,11.9,2.2,3.6,1,29.53,0.0,1015.9,0.1,0,14.1,60
2026-10-03T23:30:00.000Z,11.4,81,8.2,11.4,0.0,0.0,4,29.53,0.0,1015.9,0.0,0,13.5,62
2026-10-03T23:45:00.000Z,10.5,85,8.1,10.5,1.8,1.8,14,29.54,0.0,1015.9,0.0,0,12.7,63
2026-10-04T00:00:00.000Z,11.2,83,8.4,11.2,5.8,7.2,330,29.53,0.0,1015.9,0.0,0,12.3,66
2026-10-04T00:15:00.000Z,11.1,83,8.3,11.1,4.3,5.4,329,29.53,0.0,1015.9,0.0,0,12.4,67
2026-10-04T00:30:00.000Z,11.2,83,8.4,11.2,1.8,1.8,358,29.53,0.0,1015.9,0.0,0,12.6,67
2026-10-04T00:45:00.000Z,11.3,83,8.5,11.3,1.8,1.8,345,29.54,0.0,1015.9,0.0,0,12.8,67
2026-10-04T01:00:00.000Z,11.2,85,8.8,11.2,3.6,3.6,37,29.55,0.0,1015.9,0.0,0,13.1,68
2026-10-04T01:15:00.000Z,11.0,86,8.8,11.0,0.4,1.8,300,29.55,0.0,1015.9,0.0,0,13.1,68
2026-10-04T01:30:00.000Z,11.1,85,8.7,11.1,0.0,0.0,3,29.55,0.0,1015.9,0.0,0,13.3,68
2026-10-04T01:45:00.000Z,10.9,88,9.0,10.9,2.9,3.6,16,29.56,0.0,1015.9,0.0,0,13.2,69
2026-10-04T02:00:00.000Z,10.7,89,9.0,10.7,0.0,0.0,35,29.55,0.0,1015.9,0.0,0,13.1,69
2026-10-04T02:15:00.000Z,10.6,90,9.1,10.6,0.0,0.0,34,29.56,0.0,1016.2,0.0,0,13.1,70
2026-10-04T02:30:00.000Z,10.4,91,9.0,10.4,0.0,0.0,35,29.56,0.0,1016.2,0.0,0,13.0,70
2026-10-04T02:45:00.000Z,10.4,91,9.0,10.4,0.0,0.0,53,29.56,0.0,1016.2,0.0,0,12.9,71
2026-10-04T03:00:00.000Z,10.3,91,8.9,10.3,2.9,3.6,85,29.55,0.0,1016.2,0.0,0,12.8,71
2026-10-04T03:15:00.000Z,10.2,91,8.8,10.2,0.0,0.0,28,29.56,0.0,1016.2,0.0,0,12.6,71
2026-10-04T03:30:00.000Z,10.1,90,8.6,10.1,1.8,1.8,42,29.56,0.0,1016.2,0.0,0,12.5,71
2026-10-04T03:45:00.000Z,10.0,90,8.4,10.0,0.0,0.0,40,29.55,0.0,1016.2,0.0,0,12.4,71
2026-10-04T04:00:00.000Z,10.0,90,8.4,10.0,0.0,0.0,44,29.55,0.0,1016.2,0.0,0,12.4,71
2026-10-04T04:15:00.000Z,9.8,90,8.2,9.8,0.0,0.0,40,29.55,0.0,1016.2,0.0,0,12.2,71
2026-10-04T04:30:00.000Z,9.8,91,8.4,9.8,1.1,1.8,55,29.54,0.0,1016.2,0.0,0,12.0,71
2026-10-04T04:45:00.000Z,9.6,91,8.2,9.6,3.2,3.6,39,29.54,0.0,1016.2,0.0,0,11.8,72
2026-10-04T05:00:00.000Z,9.6,91,8.2,9.6,3.2,3.6,7,29.54,0.0,1016.2,0.0,0,11.7,72
2026-10-04T05:15:00.000Z,9.7,90,8.2,9.7,2.2,3.6,350,29.54,0.0,1016.2,0.0,0,11.5,72
2026-10-04T05:30:00.000Z,9.7,89,8.0,9.7,1.4,1.8,38,29.53,0.0,1016.2,0.0,0,11.4,72
2026-10-04T05:45:00.000Z,9.4,90,7.8,9.4,0.0,0.0,45,29.54,0.0,1016.2,0.0,0,11.4,72
2026-10-04T06:00:00.000Z,9.3,91,7.9,9.3,0.0,0.0,46,29.53,0.0,1016.2,0.0,0,11.5,72
2026-10-04T06:15:00.000Z,9.5,91,8.1,9.5,0.0,0.0,29,29.53,0.0,1016.2,0.0,0,11.4,72
2026-10-04T06:30:00.000Z,9.3,91,7.9,9.3,0.0,0.0,31,29.52,0.0,1016.2,0.0,0,11.2,72
2026-10-04T06:45:00.000Z,8.7,92,7.5,8.7,0.0,0.0,31,29.52,0.0,1016.2,0.0,0,10.9,72
2026-10-04T07:00:00.000Z,8.9,93,7.8,8.9,0.0,0.0,29,29.52,0.0,1016.2,0.0,0,10.9,73
2026-10-04T07:15:00.000Z,8.4,93,7.3,8.4,0.0,0.0,30,29.52,0.0,1016.2,0.0,0,10.8,73
2026-10-04T07:30:00.000Z,8.2,94,7.3,8.2,0.0,0.0,30,29.52,0.0,1016.2,0.0,0,10.6,73
2026-10-04T07:45:00.000Z,8.3,95,7.5,8.3,0.0,0.0,30,29.52,0.0,1016.2,0.0,0,10.4,73
2026-10-04T08:00:00.000Z,8.4,95,7.6,8.4,2.2,3.6,70,29.52,0.0,1016.2,0.0,0,10.1,73
2026-10-04T08:15:00.000Z,7.7,95,7.0,7.7,1.8,1.8,181,29.51,0.0,1016.2,0.0,0,10.0,74
2026-10-04T08:30:00.000Z,7.6,95,6.9,7.6,0.0,0.0,4,29.52,0.0,1016.2,0.0,0,9.6,74
2026-10-04T08:45:00.000Z,7.2,95,6.5,7.2,1.1,1.8,348,29.52,1.2,1016.4,0.0,0,9.2,74
2026-10-04T09:00:00.000Z,7.6,96,7.0,7.6,0.0,0.0,5,29.52,0.0,1016.4,0.0,0,9.4,75
2026-10-04T09:15:00.000Z,7.7,96,7.1,7.7,0.0,0.0,75,29.52,0.0,1016.4,0.0,0,9.9,75
2026-10-05T02:00:00.000Z,8.2,89,6.5,8.2,0.0,0.0,48,29.59,0.0,1016.4,0.0,0,8.5,68
2026-10-05T02:15:00.000Z,7.0,90,5.5,7.0,0.0,0.0,56,29.58,0.0,1016.4,0.0,0,8.1,68
2026-10-05T02:30:00.000Z,7.2,92,6.0,7.2,0.0,0.0,93,29.59,0.0,1016.4,0.0,0,8.0,69
2026-10-05T02:45:00.000Z,7.0,92,5.8,7.0,0.0,0.0,92,29.59,0.0,1016.4,0.0,0,7.9,69
2026-10-05T03:00:00.000Z,7.0,93,5.9,7.0,0.0,0.0,97,29.59,0.0,1016.4,0.0,0,7.9,70
2026-10-05T03:15:00.000Z,6.4,92,5.2,6.4,0.0,0.0,94,29.59,0.0,1016.4,0.0,0,7.7,69
2026-10-05T03:30:00.000Z,6.2,93,5.2,6.2,0.0,0.0,94,29.58,0.0,1016.4,0.0,0,7.3,70
2026-10-05T03:45:00.000Z,6.1,94,5.2,6.1,0.0,0.0,58,29.57,0.0,1016.4,0.0,0,7.1,71
2026-10-05T04:00:00.000Z,6.7,95,6.0,6.7,0.0,0.0,88,29.58,0.0,1016.4,0.0,0,7.2,71
2026-10-05T04:15:00.000Z,6.5,94,5.6,6.5,0.0,0.0,87,29.57,0.0,1016.4,0.0,0,7.1,72
2026-10-05T04:30:00.000Z,6.4,94,5.5,6.4,0.0,0.0,88,29.56,0.0,1016.4,0.0,0,7.1,72
2026-10-05T04:45:00.000Z,6.1,94,5.2,6.1,0.0,0.0,88,29.57,0.0,1016.4,0.0,0,7.0,72
2026-10-05T05:00:00.000Z,6.0,94,5.1,6.0,0.0,0.0,88,29.56,0.0,1016.4,0.0,0,6.9,72
2026-10-05T05:15:00.000Z,5.9,95,5.2,5.9,0.0,0.0,89,29.54,0.0,1016.4,0.0,0,6.8,72
2026-10-05T05:30:00.000Z,5.8,95,5.1,5.8,0.0,0.0,95,29.54,0.0,1016.4,0.0,0,6.7,73
2026-10-05T05:45:00.000Z,6.3,95,5.6,6.3,0.4,1.8,103,29.54,0.0,1016.4,0.0,0,6.9,73
2026-10-05T06:00:00.000Z,6.0,95,5.3,6.0,1.8,1.8,105,29.53,0.0,1016.4,0.0,0,7.0,73
2026-10-05T06:15:00.000Z,6.1,94,5.2,6.1,1.1,1.8,77,29.52,0.0,1016.4,0.0,0,7.1,74
2026-10-05T06:30:00.000Z,5.9,94,5.0,5.9,0.0,0.0,81,29.51,0.0,1016.4,0.0,0,7.0,73
2026-10-05T06:45:00.000Z,5.5,95,4.8,5.5,0.0,0.0,81,29.51,0.0,1016.4,0.0,0,6.8,73
2026-10-05T07:00:00.000Z,5.5,95,4.8,5.5,0.0,0.0,87,29.50,0.0,1016.4,0.0,0,6.6,73
2026-10-05T07:15:00.000Z,5.0,95,4.3,5.0,0.0,0.0,8,29.50,0.0,1016.4,0.0,0,6.1,73
2026-10-05T07:30:00.000Z,4.8,95,4.1,4.8,0.0,0.0,32,29.50,0.0,1016.4,0.0,0,5.8,73
2026-10-05T07:45:00.000Z,4.2,96,3.7,4.2,0.0,0.0,32,29.50,0.0,1016.4,0.0,0,5.8,73
2026-10-05T08:00:00.000Z,4.8,96,4.2,4.8,0.0,0.0,32,29.50,0.0,1016.4,0.0,0,6.0,74
2026-10-05T08:15:00.000Z,5.0,96,4.4,5.0,0.0,0.0,32,29.50,0.0,1016.4,0.0,0,6.5,75
